date,Mkt-RF,SMB,HML,RMW,CMA,RF
2023-04-03,0.0031340125729484086,-0.005074036857820962,0.0019497376849751395,0.009768765554032298,0.005612969425831352,0.00015873015873015873
2023-04-04,-0.0060655221564442545,-0.01052337450079578,-0.006172835394359838,0.001253676700881317,-0.005026987695771998,0.00015873015873015873
2023-04-05,-0.0012677390899493203,-0.007058432751502603,0.006426121129133589,0.00808062997165834,0.010793244752269095,0.00015873015873015873
2023-04-06,0.0031737050618779235,-0.0011328399975764182,0.0023555295406466736,-0.0014710947344802263,-0.001116654165539035,0.00015873015873015873
2023-04-10,0.0022343249057766752,0.009287633153871901,0.0015017006977839343,-0.005708561262665898,0.0006605191254615969,0.00015873015873015873
2023-04-11,0.0027766457250172384,0.006666295213861438,0.006992091381724609,-0.0017242747510448392,0.005668445321208892,0.00015873015873015873
2023-04-12,-0.004491704022153612,-0.0053078928232006845,0.00019876561767456693,0.0013684448717269145,0.007896877642359464,0.00015873015873015873
2023-04-13,0.0122555155677031,-0.0019094842358054753,-0.010674683564019525,0.004730380179130862,-0.01067907127884245,0.00015873015873015873
2023-04-14,-0.0015034112738525178,-0.007415585688948997,0.012260245390278555,-0.0070018410390971595,0.007762287484724488,0.00015873015873015873
2023-04-17,0.0031822194197993177,0.00598801563349522,0.008468555284874309,-0.014979730632133353,0.004685370055346865,0.00015873015873015873
2023-04-18,-0.0009313581747924677,-0.0049534633723787806,0.0007962544944649932,-0.0059811907799327685,0.003243138862794618,0.00015873015873015873
2023-04-19,-0.00012968889285883744,0.00485990033938814,-0.0013539081261395409,-0.007341873771056622,0.004939467817917081,0.00015873015873015873
2023-04-20,-0.007728625184006802,0.0011000819334303132,-0.0036861732532582764,0.0008098536111774196,0.008672181917892707,0.00015873015873015873
2023-04-21,0.0015434726132750206,-0.0020069147700752764,-0.009331299608186919,0.0026177824975160582,-0.005993960795819003,0.00015873015873015873
2023-04-24,0.0008658994595290809,-0.0022531711976700904,-0.00018393680153215493,0.005745322923282484,0.0015508887350133972,0.00015873015873015873
2023-04-25,-0.016236607060077162,-0.009915180996142189,-0.001822569272617109,0.008076720114601848,0.0060812701816956305,0.00015873015873015873
2023-04-26,-0.010216353576600827,0.0007621241379768048,-0.00039432660216310103,-0.008499469082954965,-0.005084276627487667,0.00015873015873015873
2023-04-27,0.01999072602771892,-0.006263437528509943,0.0006910742947233983,0.00047923092197063935,-0.017612562261723058,0.00015873015873015873
2023-04-28,0.007436840517096465,0.005365407919431939,0.0064227917408622584,-0.003144894894920652,0.004698180187695466,0.00015873015873015873
2023-05-01,-0.0005253579470489106,0.00036147758873970556,-0.005178913115365966,0.007083229701951438,0.011724374979733589,0.00015873015873015873
2023-05-02,-0.01329838271806421,-0.00887331436856067,-0.01712670272871215,0.0037041608433569777,0.00011195851977368818,0.00015873015873015873
2023-05-03,-0.005983182453505226,0.005877295521990841,-0.006218041715839789,0.004827094943825577,-0.0023761991775222285,0.00015873015873015873
2023-05-04,-0.006781427493582616,-0.007124590969560539,-0.01522359576123506,0.0035428379221504464,-0.005477119189249962,0.00015873015873015873
2023-05-05,0.01639952960961725,0.0084625597067003,0.009320932859474643,-0.0038087559919572946,-0.002934282877582718,0.00015873015873015873
2023-05-08,0.0014943361156437324,-0.0074344804430958745,-0.0017441575920256669,0.0014245367777915682,-0.004530875094507126,0.00015873015873015873
2023-05-09,-0.0033362069682950557,-0.0016317115218090535,-0.0020001784956311156,-0.004295738663688046,-0.001765491939674577,0.00015873015873015873
2023-05-10,0.0033550043746557396,0.00018370177940984968,-0.011338545934506013,0.005028265978727674,-0.0074923523899371415,0.00015873015873015873
2023-05-11,-0.0008655521775876048,-0.010030267823619852,-0.007357736885588703,0.008121733769708341,-0.0029069844671785277,0.00015873015873015873
2023-05-12,-0.0019265811138414462,-0.0018337510412447314,-0.003214815418017436,0.002341731952452673,0.0036611636030186535,0.00015873015873015873
2023-05-15,0.0033860600920571065,0.00929488669750074,0.009223705878599098,-0.009510491894524506,0.001002115476486638,0.00015873015873015873
2023-05-16,-0.00857350658192727,-0.006794763558437476,-0.008615472161017972,0.00474254492047782,-0.004640092883570266,0.00015873015873015873
2023-05-17,0.013670189113851063,0.012737973223437568,0.01359820705466807,-0.009874237380999695,-0.001029146944689377,0.00015873015873015873
2023-05-18,0.008236042330458876,-0.00043505783632350435,-0.005328604566357344,0.0012678438521956728,-0.008491195802125658,0.00015873015873015873
2023-05-19,-0.00223495333399101,-0.006563124322083104,-0.004269955058868257,0.004348324296605375,0.001631611322411633,0.00015873015873015873
2023-05-22,0.0018350342200851427,0.009551024412136809,0.005960792507283399,-0.001441488046085381,-0.007133285269506734,0.00015873015873015873
2023-05-23,-0.009709824218119206,0.0076545272202885265,0.008880745835952528,-0.003922129166542522,-0.0029107034246586066,0.00015873015873015873
2023-05-24,-0.007819914536830957,-0.005870533714642879,-0.007699339458940888,0.0027380407065093273,-0.008220513469263734,0.00015873015873015873
2023-05-25,0.0038191150029414636,-0.012262871723244896,-0.017985624833366902,0.014187471788910132,-0.00412364293795465,0.00015873015873015873
2023-05-26,0.010339467054181437,0.0005920268698126376,-0.002771349342613711,-0.006761051262624435,-0.01637075910077223,0.00015873015873015873
2023-05-30,-0.0002720613619167951,-0.004745018817102858,0.0003575621252642552,-0.0023158075153304697,-0.005952837578084502,0.00015873015873015873
2023-05-31,-0.005271161217095706,-0.004675959384226397,-0.0042508374611129945,0.0001363396217676201,-0.0028134951617400897,0.00015873015873015873
2023-06-01,0.009915848488445084,-0.0005312513321928565,-0.004962123800728975,0.0033820278040551004,-0.0041037757102417565,0.00015873015873015873
2023-06-02,0.016285868429886018,0.024640482675720072,0.010239669409559256,-0.004993712095114098,0.005359333558919734,0.00015873015873015873
2023-06-05,-0.001492038969296398,-0.01589894889352985,-0.004932715014155195,0.007094519425037604,-0.0029658731843862714,0.00015873015873015873
2023-06-06,0.0045614151139502694,0.024424147244525064,0.0169047333133712,-0.012772875923340981,-0.003341748606447226,0.00015873015873015873
2023-06-07,-0.0016965155387801383,0.024067999464795604,0.023839558826953045,-0.0062563296579350855,0.01386082508117132,0.00015873015873015873
2023-06-08,0.006214900321624623,-0.011639019171426821,-0.01366159045336976,0.0045311763128154355,-0.009952922040569571,0.00015873015873015873
2023-06-09,0.0003659369375036063,-0.007910061790218168,-0.004211361070260844,0.0022711316750371816,-0.002583279031818453,0.00015873015873015873
2023-06-12,0.006801183796859221,-0.004318196194947459,-0.012417861842792652,0.0018545102541165292,-0.012573147367704615,0.00015873015873015873
2023-06-13,0.007887714055926625,0.004126104032582751,0.0002899638441110474,0.0033832047264366026,2.3914709580139318e-05,0.00015873015873015873
2023-06-14,-0.001202315777313872,-0.009998996193422961,-0.01248634709786817,0.002211978239940798,-0.0012223736490277219,0.00015873015873015873
2023-06-15,0.01095863864753842,-0.00035186140641597224,0.0013764631006944177,-0.0008894854248738312,0.0031677848501721704,0.00015873015873015873
2023-06-16,-0.003219274369168989,-0.002645460915075944,0.00023458280446248198,0.0020772900499436194,0.004510531674480651,0.00015873015873015873
2023-06-20,-0.003753101259729388,-0.0018505664919267026,-0.010900624237191223,0.0065770131359479235,-0.009792718894086876,0.00015873015873015873
2023-06-21,-0.004802859283666362,0.0025091863886057505,0.0032013657247996962,0.0025738836227508404,0.007941828657805912,0.00015873015873015873
2023-06-22,0.001815636644974972,-0.012732403974263942,-0.017920449147655244,0.011023402564339814,-0.013778498233112894,0.00015873015873015873
2023-06-23,-0.00770714202377893,-0.007837414609987967,-0.0018913181943829831,-0.0020424414128665204,0.0008983612887742687,0.00015873015873015873
2023-06-26,-0.004002629368721754,0.01013498852485872,0.013729721123226764,-0.012310938745465948,0.011201600705772448,0.00015873015873015873
2023-06-27,0.010227028658652179,0.007712973589320719,-0.006231698548776679,-0.0004857025739333047,-0.008450345497872457,0.00015873015873015873
2023-06-28,-0.00044624839478059054,0.0019927264357430235,-0.001896480417334501,0.001272836864568815,-0.0022919912665521937,0.00015873015873015873
2023-06-29,0.004932033097933532,0.010678806159081365,0.011866779775401523,-0.005838547413632312,0.008312568033069644,0.00015873015873015873
2023-06-30,0.01101667770775346,-0.01048193342200734,-0.00787877399397709,0.0037872268716975556,-0.006913817145543748,0.00015873015873015873
2023-07-03,0.0034523430465427446,0.001971620271322954,0.008041987644879072,-0.0003042430916145467,-0.004704084842645642,0.00015873015873015873
2023-07-05,-0.0010150098531034701,-0.011495062859076635,-0.00502591860167968,0.003974929634881794,-0.002811204806616692,0.00015873015873015873
2023-07-06,-0.011124147609533798,-0.003152974463579457,-0.0017570323785661042,0.0018154603329233517,0.004153633415376688,0.00015873015873015873
2023-07-07,-0.000725198749206744,0.012314577839227294,0.007953382115558207,-0.0066513518219162154,0.0008334539057552486,0.00015873015873015873
2023-07-10,0.0037390898873115213,0.009303227548919362,-0.004542725901029144,-0.007633844357187881,0.002279173457727685,0.00015873015873015873
2023-07-11,0.008322046891038472,0.0027291792502714077,0.008577755376861736,-0.007993394769244624,0.0007746970702304963,0.00015873015873015873
2023-07-12,0.007240906231713132,0.0032313517358152147,-0.0021742271442454454,-0.001125170905746693,-0.006545682871205459,0.00015873015873015873
2023-07-13,0.009235116412290193,-0.002231273078144611,-0.005034922818392579,0.0031638341792133255,-0.006485508762924523,0.00015873015873015873
2023-07-14,-0.001847651113252319,-0.005968625050084146,-0.015276096818051147,0.008194057613883924,-0.004473403329716692,0.00015873015873015873
2023-07-17,0.00248113459485707,0.0048311216885175215,-0.0022957481999921602,-0.0047177778058846934,-0.004897264816514835,0.00015873015873015873
2023-07-18,0.005793507787747172,0.007799349576379323,0.009502369695400973,-0.0038833626772534057,0.004594763418870548,0.00015873015873015873
2023-07-19,0.0037803313160566007,0.005148163662866421,0.012537012108279642,-0.006218687564767055,0.001242037219399735,0.00015873015873015873
2023-07-20,-0.005470218071647887,-0.003205504780405208,0.01830383791935978,-0.006183598964234295,0.03313440839017046,0.00015873015873015873
2023-07-21,0.0003998697836341768,-0.003838174563222793,0.0015663756233769653,0.0017671800279778207,-5.081007222874684e-05,0.00015873015873015873
2023-07-24,0.0036826661748241398,0.0016826856644658007,0.008574060088799412,0.001615289430921484,0.0008556127663492748,0.00015873015873015873
2023-07-25,0.0009693222844805182,0.0001219773013312669,-0.00892170560948792,0.005324571367993824,-0.0051635050518497715,0.00015873015873015873
2023-07-26,0.003827123622566606,0.006203771265803818,0.008128881187094851,0.00040693048108348534,0.006156563263837364,0.00015873015873015873
2023-07-27,-0.00708024259980216,-0.005560577074565855,-0.003981390430674556,0.0009217572927810681,-0.0012766795915597614,0.00015873015873015873
2023-07-28,0.009706013363460858,0.00019818392097663805,-0.007512376469369825,0.0022116004131214045,-0.013588768482789514,0.00015873015873015873
2023-07-31,0.0022299582140712674,0.0066372165948708215,0.0023143621222971745,-0.003317414443053745,-0.003335590652088216,0.00015873015873015873
2023-08-01,-0.004398988467938439,-0.0030255896771814294,-0.0009167247302410446,-0.0002254511532957847,-0.0004441300242399703,0.00015873015873015873
2023-08-02,-0.013182445492998065,0.002149974391421767,0.007609559400528517,0.001837865470670474,0.013824533835142552,0.00015873015873015873
2023-08-03,-0.0016115934858299506,-0.0008256194782654224,-0.0004872700391656391,-0.00203982464684765,-0.005032827291336,0.00015873015873015873
2023-08-04,-0.0011286503594581314,-0.00040720713634478543,-0.0049878996014537874,0.003834747037576131,-0.01312105231513957,0.00015873015873015873
2023-08-07,0.010897846315237034,-0.007809362537241963,-0.00010858802743986956,0.00034166776518468854,-0.000233854501718039,0.00015873015873015873
2023-08-08,-0.004617825947172694,-0.0016286079026262635,-0.0003451001167314527,0.010711349099078886,0.0017626035254930707,0.00015873015873015873
2023-08-09,-0.00717569616522543,0.00042485364328775834,0.00132424644477604,0.005029870955804677,0.004897617433857799,0.00015873015873015873
2023-08-10,0.00043550755321373927,-0.004217702080775334,-0.004655344705021363,-0.0007204504321136877,-0.0018561614810028305,0.00015873015873015873
2023-08-11,-0.000793902975444485,0.0011000653523053217,0.008378120294852177,-0.002224762220914742,0.005183146230910488,0.00015873015873015873
2023-08-14,0.0048123554444615005,-0.010124347315018703,-0.015932514449664106,0.008330015475671077,-0.007530348992256138,0.00015873015873015873
2023-08-15,-0.012424757895682346,-0.0011192909588546296,-0.009241404135641815,0.004451214440628159,0.004536624162440316,0.00015873015873015873
2023-08-16,-0.008354969862947911,-0.002178246265602932,0.004145564051922711,0.0006698527522483143,0.00736403159189738,0.00015873015873015873
2023-08-17,-0.00758312084357355,-0.0016490588742778074,0.007499837098813537,0.005835930540947363,0.004620553497228791,0.00015873015873015873
2023-08-18,-9.064043071996509e-05,0.0034477792084793416,0.000146255186925295,-0.0024569017965871305,0.0008757092347627499,0.00015873015873015873
2023-08-21,0.006460165620275587,-0.01114212434022728,-0.015589089589680293,0.012730328256730879,-0.013199863816819885,0.00015873015873015873
2023-08-22,-0.0037747778037356943,-0.0009201680494016931,-0.007845356640842198,0.004805213171958594,-0.0055006468631232175,0.00015873015873015873
2023-08-23,0.010236728753479066,-0.00045304470844041017,-0.004645835463022002,-0.0008753967322828703,-0.0042030753821402,0.00015873015873015873
2023-08-24,-0.012003624039674204,0.0025991058253754737,0.012871727226321074,-0.0009700194417314768,0.015596784746412826,0.00015873015873015873
2023-08-25,0.005538568175379912,-0.005248881923800087,-0.007184595283798687,0.0023709966346519115,-0.0072930480088408915,0.00015873015873015873
2023-08-28,0.006146756713418051,0.0016328674829018319,0.0009402967252162258,0.00042029500549469606,0.0014858557756857538,0.00015873015873015873
2023-08-29,0.015039036269784787,-0.00242106239560678,-0.007481593878412169,0.006057513574093516,-0.01100138147109688,0.00015873015873015873
2023-08-30,0.002851791281897816,0.0003945261200291898,-0.003873085156242468,-0.0011934975161946911,0.0007242774126276499,0.00015873015873015873
2023-08-31,-0.0021491658825964783,0.0004183310082084637,-0.0021459904399785982,-0.0012257484236711366,-0.006654554074482179,0.00015873015873015873
2023-09-01,0.001482590214097425,0.009783519718489675,0.005357532700614563,-0.007819699161499176,0.0019175306485757135,0.00015873015873015873
2023-09-05,-0.004625186284994942,-0.023542761803036643,-0.01133214237149086,0.00784494092760453,-0.015488430671960006,0.00015873015873015873
2023-09-06,-0.005291599624249226,0.0025706524733973227,0.003040271641382689,-0.0027735894329908315,0.0023831885271296594,0.00015873015873015873
2023-09-07,-0.00018599785465206472,-0.009230980871850859,-0.003868466263828281,0.0006440699635987606,-0.0017352629055534807,0.00015873015873015873
2023-09-08,0.001163258387242332,-0.0046278405565148,0.00475619268795962,-0.0008483839953228847,0.00015802836509512465,0.00015873015873015873
2023-09-11,0.007912049976132027,-0.009339488582173074,-0.011892971640663375,0.0034949808618230495,-0.01367121153825634,0.00015873015873015873
2023-09-12,-0.00399121446626296,0.003492294164483653,0.018595211527693625,-0.008410668771697478,0.010246807361370644,0.00015873015873015873
2023-09-13,0.0019304795433324462,-0.009845941602659364,-0.005579657884449629,0.006284594365320362,-0.007994156594099645,0.00015873015873015873
2023-09-14,0.00885216719721683,0.008437371182809753,0.007612055871499427,-0.0029145510083123504,0.003918625445772891,0.00015873015873015873
2023-09-15,-0.012919277213442625,0.00423504101507979,0.013694269253533623,-0.0017891386665775631,0.01014526814982413,0.00015873015873015873
2023-09-18,-0.0016086714111552183,-0.005998174837501425,5.740089684696907e-05,0.0007849025756810808,0.003538677531892272,0.00015873015873015873
2023-09-19,-0.0029053899125040398,0.0012958117179920686,0.0025588088452899037,0.0010435872688102396,0.003969819356885848,0.00015873015873015873
2023-09-20,-0.009442627175634287,0.00198327898475541,0.004945644706148022,-0.0031838374350641237,0.008506477303465317,0.00015873015873015873
2023-09-21,-0.017434297612218885,0.0020019628996006626,0.005674841237051755,0.0031087532252691875,0.0048113681547910705,0.00015873015873015873
2023-09-22,-0.003749129678857501,-0.000639636165651106,-0.006670557712785811,0.004151265437173644,-0.00033617212919745745,0.00015873015873015873
2023-09-25,0.004153399626085013,-0.0008424734932967488,-0.0013795361233832834,0.002715543543158799,-0.0029932382109968906,0.00015873015873015873
2023-09-26,-0.014287559527844523,0.00027357779244766706,0.0011160087723264614,0.0013281632814100917,0.005022959016174982,0.00015873015873015873
2023-09-27,0.0010593442865445308,0.007181344942735802,-0.0017607331593363865,0.0014165734732237824,-0.0012823668135214996,0.00015873015873015873
2023-09-28,0.006482046519310141,0.004995284345364633,-0.002815918292474251,-0.001406601287215769,-0.002630382985753333,0.00015873015873015873
2023-09-29,-0.003119779565551156,-0.001172469122861891,-0.004716724004882304,0.0012709730604051062,-0.007568439138499492,0.00015873015873015873
2023-10-02,-0.0017566841633751811,-0.01327786704558859,-0.02194572850986934,0.015700778758506912,-0.014446004926125312,0.00015873015873015873
2023-10-03,-0.015010813669952057,-0.004262545906600053,0.00421506890511879,0.005237422721484969,0.006980275169556639,0.00015873015873015873
2023-10-04,0.00834746804771459,-0.006582942611053602,-0.010706167947826627,0.0016732828951825044,-0.00793034044247246,0.00015873015873015873
2023-10-05,-0.0023525880463034724,0.0013267143115564977,0.0045846728918685735,-0.0037589098900921623,0.0001921588415027672,0.00015873015873015873
2023-10-06,0.011621595932857848,-0.006710069699423699,-0.007931986837389434,0.002951064593605378,-0.007097603987461926,0.00015873015873015873
2023-10-09,0.0061606432438238426,0.001349712021945797,0.002189208523179802,0.003559440540189751,-0.0005184941618960751,0.00015873015873015873
2023-10-10,0.0063974598469433,0.005445882353788265,0.004354404513711793,-0.006570668381793133,0.001443554078279478,0.00015873015873015873
2023-10-11,0.0036438142447459644,-0.004737893417795688,-0.005324831801606551,0.0054708334766787855,-0.005003302725780317,0.00015873015873015873
2023-10-12,-0.00871806441701809,-0.012647355718599571,-0.005417880991292304,0.006098647864838817,-0.0036618960736816194,0.00015873015873015873
2023-10-13,-0.005002065879952406,-0.005354602919989885,0.008977772542803339,-0.000746984610872253,0.01007170496441299,0.00015873015873015873
2023-10-16,0.011966471588086676,0.007076813642787463,-0.0016168062394088557,-0.0009664749802148018,-0.0032181220494245325,0.00015873015873015873
2023-10-17,0.0005633513948503427,0.012012905165315235,0.010151235959366837,-0.0056099976967594846,0.004655710860179986,0.00015873015873015873
2023-10-18,-0.015169080987390953,-0.0051605469393364665,-0.0008752012337013421,0.004653810722088049,0.006048855477152884,0.00015873015873015873
2023-10-19,-0.009274369442060306,-0.005839566217579098,0.0019895528873321317,-0.0006413663855099547,0.0030784092561391696,0.00015873015873015873
2023-10-20,-0.012560758769833247,0.0007315928050140447,-0.001350733141354728,-0.00018709800817792895,0.007187048025364764,0.00015873015873015873
2023-10-23,-0.0018258605942919582,-0.006816452006890293,-0.013068946124130941,0.00957903612890864,-0.01003487902496524,0.00015873015873015873
2023-10-24,0.008161759406328198,-0.0016831080029574867,0.0006410165203282504,0.0014264709796502533,0.001287694894661436,0.00015873015873015873
2023-10-25,-0.015194170354754635,-0.0009898236785625715,0.005845349624844216,0.0029395042429999855,0.002781735376456535,0.00015873015873015873
2023-10-26,-0.010693810960072454,0.015370966217158413,0.02326244242360766,-0.016773486416755776,0.01338121552681184,0.00015873015873015873
2023-10-27,-0.005179780929339142,-0.008626216894564612,-0.02273361242408093,0.002697965722579811,-0.022916603091502057,0.00015873015873015873
2023-10-30,0.01154682067840287,-0.0037205848730780724,0.0022363427511902425,-0.004091637487182892,0.003589823288014757,0.00015873015873015873
2023-10-31,0.00669459607411367,0.0012074819589808286,0.0065473959380925656,-0.007083893278486389,0.0018024844551058211,0.00015873015873015873
2023-11-01,0.010253085057336684,-0.005694263833337504,-0.009349255966654427,0.0013327918239470597,-0.013492849788659448,0.00015873015873015873
2023-11-02,0.01908198436223336,0.00993875367908369,0.010271018836747255,-0.009763384505910522,0.0018882686599015555,0.00015873015873015873
2023-11-03,0.010642994190170079,0.01707522979637899,0.01264551416954652,-0.009330197043097682,0.0021710730717970465,0.00015873015873015873
2023-11-06,0.00047943564094129543,-0.01277341398549109,-0.010641464243170709,0.0092266674413575,-0.0027274887630285294,0.00015873015873015873
2023-11-07,0.002252205212815153,-0.00838368541674586,-0.010704445230023485,-0.0007003885587386753,-0.00982094977652757,0.00015873015873015873
2023-11-08,-0.00038966423279962107,-0.010996553583417296,-0.00813698362221732,0.0046274833767301704,-0.001969396912857984,0.00015873015873015873
2023-11-09,-0.009338140534792917,-0.006124422690635402,-0.0006013180090633247,-0.001518235113887519,0.0022471419307555224,0.00015873015873015873
2023-11-10,0.014166324573485137,-0.004806399970164656,-0.0072829846479760384,0.002520068334118983,-0.007767158565773627,0.00015873015873015873
2023-11-13,0.0005454040170705166,-0.0022627469142605244,-0.005315605239642669,0.004665946841824474,-0.0003638336537895015,0.00015873015873015873
2023-11-14,0.020685206447901644,0.03685324347239333,0.015778973726087536,-0.016063424196788474,-0.0030415366171155124,0.00015873015873015873
2023-11-15,0.0010041474295254397,0.004415593190336126,0.010605189617183323,-0.00527456437268603,0.004212721033080355,0.00015873015873015873
2023-11-16,-0.00017845654325276625,-0.016720645865407224,-0.0010708459713123376,-0.0048503426885014925,0.003133907981988844,0.00015873015873015873
2023-11-17,0.0018878122293964942,0.010495067919866782,0.007154077058124618,-0.008049664985127084,0.001407173753929001,0.00015873015873015873
2023-11-20,0.0072710652667550245,-0.0029267661075519516,-0.007797196229610991,0.0021219990977930526,-0.007917954460496278,0.00015873015873015873
2023-11-21,-0.0020997420111329747,-0.012590379018985062,-0.0032562285947543095,0.005724726190301359,0.004357499598037076,0.00015873015873015873
2023-11-22,0.0043412944816245,0.0018709932272948336,0.00042256437366770816,-0.003708031779025414,-0.0017725959424858308,0.00015873015873015873
2023-11-24,0.0011863150026922079,0.003371847687769359,0.0025213027846043377,-0.003212178205350045,0.001410749742393454,0.00015873015873015873
2023-11-27,-0.0016565611606553024,-0.0025613268378980496,-0.0024896739833151107,-0.0006556742235549471,-0.001858888118565385,0.00015873015873015873
2023-11-28,0.0014352687005562525,-0.003990054244619692,-0.0005508955181738212,0.002132670602599554,-0.004696787432234179,0.00015873015873015873
2023-11-29,-0.00031918398184146117,0.004654670612981134,0.007722382114595842,-0.013440876046144632,0.004962456466362449,0.00015873015873015873
2023-11-30,0.004115733883810431,-0.0020534014952443237,0.004937005870157491,-0.007662194584882869,0.008748585053794342,0.00015873015873015873
2023-12-01,0.00619071478738345,0.024987152505323976,0.012243787953681225,-0.011190372808448971,0.009286935095247188,0.00015873015873015873
2023-12-04,-0.005443666203649998,0.017903443947536,0.009746536923777088,-0.006364247412055165,0.01045042588363118,0.00015873015873015873
2023-12-05,-0.0002705146047324226,-0.01544927151142392,-0.009824620929314704,0.010460287386632234,-0.00595067211075282,0.00015873015873015873
2023-12-06,-0.004306804392719006,0.0030569155167857465,0.0033701862488889514,-0.0006855390361420396,0.005366963078628179,0.00015873015873015873
2023-12-07,0.008305125615920764,0.0027226362356531503,-0.0009361268104750116,0.001356917466251474,-0.006295181431575308,0.00015873015873015873
2023-12-08,0.004170779868363818,0.0011073229316669424,0.0016656080754673553,-0.003956477146281645,-0.002055058374671944,0.00015873015873015873
2023-12-11,0.0017071448587142168,0.0026327258829733596,0.006812591581455853,-0.011200531203530338,0.009588834593491509,0.00015873015873015873
2023-12-12,0.004295208509246416,-0.008008246262643206,-0.007650660789237919,-0.0018476285549492736,-0.0003866417157107442,0.00015873015873015873
2023-12-13,0.013973962282948518,0.021089246283008962,0.01190796170693214,-0.008917456219333576,0.003273441154075775,0.00015873015873015873
2023-12-14,0.0034922185310601733,0.02748567221706939,0.02363981984801194,-0.01683734439793217,0.00861345961125296,0.00015873015873015873
2023-12-15,-0.0004837306320812101,-0.008475918201033805,-0.009968284943718772,0.0021237469705527247,-0.009887134988833108,0.00015873015873015873
2023-12-18,0.004379293175780043,-0.00681389459575307,-0.007288367253524381,0.005759859182811322,-0.0058047916588928865,0.00015873015873015873
2023-12-19,0.0062202953710471685,0.014970895812980129,0.007168233828179407,-0.004845934039905675,0.0008637843425400174,0.00015873015873015873
2023-12-20,-0.014290321376657663,-0.0030507352728999307,-0.0013205686762093691,0.0067339813943259,0.000777987697012825,0.00015873015873015873
2023-12-21,0.009909905277012064,0.007406787616776326,-0.001080535394998994,-0.002855922245095538,-0.0036081286093634316,0.00015873015873015873
2023-12-22,0.0019081930050043208,0.003813534932053683,0.0017250545052716415,-0.00016906371994219842,0.002773126770915492,0.00015873015873015873
2023-12-26,0.004182378525682843,0.0074019327446436375,0.003653560292552762,-0.004255087304021139,-0.0009776693372473338,0.00015873015873015873
2023-12-27,0.001742907755503343,-0.0009439282513755557,-0.001796407480932374,-0.00238025125196404,-0.00047450343099159206,0.00015873015873015873
2023-12-28,0.0002660921036597171,-0.0024704808597728104,0.003082468671302816,-0.0028671984405167304,0.0026977336406845344,0.00015873015873015873
2023-12-29,-0.0033121721625224464,-0.009973558315938798,-0.0017393977495366126,0.004285747940462893,0.0023300610117526982,0.00015873015873015873
2024-01-02,-0.005685068083300964,0.0008217752429141986,0.0248885202490259,-0.000288531806733135,0.012659185160804219,0.00015873015873015873
2024-01-03,-0.008387125465353073,-0.019140437465890787,0.0028340636939283093,0.008212164164911485,0.00019207093280504232,0.00015873015873015873
2024-01-04,-0.0033302474465986,0.0018024582784351255,0.002192715703911179,-0.005925743798477557,0.006261513232838356,0.00015873015873015873
2024-01-05,0.001428028214982735,-0.00451831895517025,0.007509124169755104,-0.004901219984243223,0.0020081277135370105,0.00015873015873015873
2024-01-08,0.014518913584879528,0.001744387137145427,-0.014172655073639202,0.0010978113418892259,-0.013364660672793132,0.00015873015873015873
2024-01-09,-0.0016565805520932103,-0.009044813983830523,-0.00963408674592068,0.004046541042895913,-0.004047097580412962,0.00015873015873015873
2024-01-10,0.005695968194436985,-0.005470885571846482,-0.012317584903807795,0.0023597324621736915,-0.00427145439725206,0.00015873015873015873
2024-01-11,-0.001644657186465341,-0.005864890918648177,-0.010496502376739988,0.0025307759241706435,-0.0042268924071894075,0.00015873015873015873
2024-01-12,0.0001721385729817686,-0.0033271287249672177,-0.0022759658751888364,0.005164581194033947,-0.0006986521858932152,0.00015873015873015873
2024-01-16,-0.0045583243373938445,-0.006238779817951397,-0.004504723945117832,0.0003712392923918106,-0.005122841654583508,0.00015873015873015873
2024-01-17,-0.0059950261756208136,-0.0038023675945623153,-0.005107092182736518,0.0013540712136582206,0.0014720202545474188,0.00015873015873015873
2024-01-18,0.008388768869291963,0.00021581089505387507,-0.01372650691944757,0.0065014951826887915,-0.002259000005013727,0.00015873015873015873
2024-01-19,0.01129798538624091,-0.0015264383596159479,0.0014228336577716168,-0.00578138775982613,-0.0015997664147591392,0.00015873015873015873
2024-01-22,0.002435125569769119,0.016801938502064104,0.00114378312966769,-5.3847352242097565e-05,0.002748074328306414,0.00015873015873015873
2024-01-23,0.002494442856726806,-0.00682842618158914,0.002065913449833498,0.00661356346857957,-0.0021653615475010117,0.00015873015873015873
2024-01-24,-0.0003316298727722031,-0.00667849958193058,-0.0013190070732820131,-0.0009399254375817575,-0.008210064268512922,0.00015873015873015873
2024-01-25,0.004310253748928596,0.0024581495207261755,0.011031040443085607,-0.006722498648701238,0.010111082782669315,0.00015873015873015873
2024-01-26,9.559691018853276e-05,0.0011833035885526616,0.004463766748487075,0.0006462837292629964,0.0011331057076188135,0.00015873015873015873
2024-01-29,0.007995368271949332,0.0037925769922288292,-0.007159503021661946,0.0002311458153001246,-0.010286718138005184,0.00015873015873015873
2024-01-30,-0.0011778706526031147,-0.005542800478658966,0.011798380910872876,-0.0046559678942613685,0.008570011270436021,0.00015873015873015873
2024-01-31,-0.016320953295146212,-0.009570198634623744,0.0033062389347535692,-0.005117120296012235,0.010807816836572543,0.00015873015873015873
2024-02-01,0.012552304905032457,-0.0016610464100855673,-0.013107493830811893,0.005247358372341967,-0.007784993931080967,0.00015873015873015873
2024-02-02,0.01091317848833943,-0.01828076873576825,-0.01924896800921239,0.0014455133286377124,-0.026242405201436236,0.00015873015873015873
2024-02-05,-0.0036785093564508835,-0.012554803881231391,-0.010330609226615637,0.011153784332225561,0.004304116976123062,0.00015873015873015873
2024-02-06,0.0033305065671889464,0.005981224364138921,0.0036412112053922606,-0.0018476007698601817,0.006446029902233042,0.00015873015873015873
2024-02-07,0.007938716132400008,-0.010254166048877666,-0.009597213878918757,0.0020617096749178587,-0.010223258991477831,0.00015873015873015873
2024-02-08,0.0012706545609344963,0.010768484214594727,-0.00342383399940152,-0.0015214125867978705,-0.0041213526135696,0.00015873015873015873
2024-02-09,0.006363606924117592,0.006194969670152016,-0.007485720114299123,0.0033132386084421045,-0.008446888046791175,0.00015873015873015873
2024-02-12,-0.00041702322353903595,0.01959152418888349,0.015405025432003209,-0.007061753396776697,0.009881384614432533,0.00015873015873015873
2024-02-13,-0.014325159924482871,-0.02397307685111809,-0.006166681585196662,0.004164055896546436,0.0025700764671199496,0.00015873015873015873
2024-02-14,0.010085588134489428,0.00912098360829236,-0.00320421285066475,-0.009700402814866189,-0.0047409351690320106,0.00015873015873015873
2024-02-15,0.006911291731201358,0.017804232531192024,0.015314965677875245,-0.010854282623259645,0.006444094490256569,0.00015873015873015873
2024-02-16,-0.0045343691533325315,-0.006853545255405493,0.0021104334926788583,0.0005748341942830382,0.00381940564814062,0.00015873015873015873
2024-02-20,-0.006221223566963407,-0.004435791634406929,0.006933550087127983,-0.0017139159014022687,0.005942202340697533,0.00015873015873015873
2024-02-21,0.0007315788097958569,-0.003141722117639228,0.006393542969043319,0.0032788397145251166,0.004977902186696913,0.00015873015873015873
2024-02-22,0.02097724298674497,-0.018348756188628912,-0.02751756592766698,0.010218346750015251,-0.014373251445482847,0.00015873015873015873
2024-02-23,-0.00012688842689577247,0.0005646321992070734,0.00564567802413336,-0.003911976373891096,0.005947494732925461,0.00015873015873015873
2024-02-26,-0.0036431570804537003,0.005002923399418146,-0.009733875328159725,-0.0022384063498677624,-0.004663263984024347,0.00015873015873015873
2024-02-27,0.0019884309772332694,0.006682070329745771,0.00528097673958346,-0.0048593913642479775,0.001923924287041604,0.00015873015873015873
2024-02-28,-0.0018219321985851532,-0.003918904547330824,0.002225514513849614,-0.005041642699056375,0.0045328787393316096,0.00015873015873015873
2024-02-29,0.005440198380932301,0.0019212505659172248,-0.00031273767536088397,-0.005940996494638215,-0.008597605912238149,0.00015873015873015873
2024-03-01,0.007879258375042796,-0.0001879536994000893,-0.014263620159721204,0.0036691045619654536,0.0010494966102200503,0.00015873015873015873
2024-03-04,-0.0014844742385889849,-0.0031364752723654944,0.00746960693298643,-0.0053899909716802275,0.0055572816956288495,0.00015873015873015873
2024-03-05,-0.010583385378148808,0.00682866526142465,0.017864145551341665,-0.005302880782315854,0.0061641444490516326,0.00015873015873015873
2024-03-06,0.005028751945772753,0.0008094207227535982,-0.0020276108465722194,-0.003815268104345817,0.004015845348569718,0.00015873015873015873
2024-03-07,0.009921329661828814,-0.0015488297223618368,-0.010657746881133629,0.00863355792580129,-0.0015593712252042948,0.00015873015873015873
2024-03-08,-0.005417393201792048,0.0062672166253830465,0.011595036537930105,-0.007410360695826677,-0.003621910972490208,0.00015873015873015873
2024-03-11,-0.0016531174394085338,-0.0026505513544181772,0.01079250994335039,-0.000772596377262085,0.00895972490973289,0.00015873015873015873
2024-03-12,0.010097603636624562,-0.01418647657742938,-0.016762468110833668,0.013860792225561398,0.001416837924353381,0.00015873015873015873
2024-03-13,-0.0018987879499755844,0.0015106758917286275,0.010677083389464881,-0.0009359343877928233,-0.0018862893437093047,0.00015873015873015873
2024-03-14,-0.0029275622780128565,-0.015347791620466202,-0.009471325420695748,0.013495210137221506,-0.0013034927047274542,0.00015873015873015873
2024-03-15,-0.006021556001886567,0.009882998734879122,0.010723600080161426,-0.005281481120708103,0.0023227983133152427,0.00015873015873015873
2024-03-18,0.006152086407600122,-0.009989504924441502,-0.0015015871694913962,0.003762050448466698,-0.006760202377550616,0.00015873015873015873
2024-03-19,0.00518996829255025,0.0010116660719223817,-0.002180306761993161,0.004196429924355094,0.0061896729653192414,0.00015873015873015873
2024-03-20,0.009770786342670784,0.008256048916892232,0.004314132429903642,-0.005012555575237682,0.0001407381676665799,0.00015873015873015873
2024-03-21,0.0034847897330160405,0.008036298782486268,0.0063821802895495374,-0.008670324832418388,-0.0013088900048997406,0.00015873015873015873
2024-03-22,-0.0016242675738024086,-0.011038812868311914,-0.009700272662108642,0.010180313227266306,0.004681914439427639,0.00015873015873015873
2024-03-25,-0.002987462137088755,0.0024859911832888146,0.0030762376040812524,-0.0013711119569653667,-0.0012775341164328134,0.00015873015873015873
2024-03-26,-0.0028486366303351668,0.0008322457852466749,0.004359985300713344,-0.0040407902026813585,-0.005270230143816243,0.00015873015873015873
2024-03-27,0.00897102395657575,0.016730186722802687,0.014099511101209019,-0.010113470678239358,-0.0012923010836068342,0.00015873015873015873
2024-03-28,0.0007166235517789533,0.00450158601163875,0.009035463716286189,-0.00353693878883577,-8.762116287215984e-05,0.00015873015873015873
2024-04-01,-0.0021267882160928243,-0.008260508176306313,-0.004236939232761888,0.007934615732900253,-0.00760803901914949,0.00015873015873015873
2024-04-02,-0.007672715822030432,-0.009368477720918188,0.0005788694158640421,0.0028062966529098336,0.0013782024277232026,0.00015873015873015873
2024-04-03,0.001431451416209748,0.0038510679704664187,-0.0009771131395580077,0.003626253849035221,-0.003203977813110834,0.00015873015873015873
2024-04-04,-0.01229641642412199,0.002428317006988843,0.003592014541199534,0.0029981191111446027,-0.004058934005403227,0.00015873015873015873
2024-04-05,0.011097097924671064,-0.007570761255855287,-0.00845860230326603,0.005354661295705888,-0.004600037843534284,0.00015873015873015873
2024-04-08,2.703801149355636e-05,0.0072935143704318745,0.005971756246289751,-0.007448851689685945,-0.004218768254472955,0.00015873015873015873
2024-04-09,0.0011148515445621996,0.0054413605763846285,0.0015519444002570597,-0.0019495733246023617,-0.0020877455809001693,0.00015873015873015873
2024-04-10,-0.009641370761356134,-0.019858302174533878,-0.013992303426877437,0.012929856664642478,0.00023201496086683662,0.00015873015873015873
2024-04-11,0.0074929962950900895,-0.00394960448770435,-0.016196379194310207,0.01158752945720556,0.0092048443888042,0.00015873015873015873
2024-04-12,-0.014672860231175611,-0.0025312645321645313,-0.004657021474137145,0.008107871506280045,0.00020609748047229967,0.00015873015873015873
2024-04-15,-0.012604340201129015,0.0024921051406054887,0.012376134160609446,-0.0036513498540614205,-0.001142780140542303,0.00015873015873015873
2024-04-16,-0.002380698885178595,-0.004148395016629421,-0.012028670659473634,0.004772888339557065,-0.0022783124477845623,0.00015873015873015873
2024-04-17,-0.006172904359831717,-0.002328935885264535,0.012901679092648895,-0.0038334677670377746,-0.007252282191880201,0.00015873015873015873
2024-04-18,-0.0024324414829653175,0.0030333622457357047,0.012426749408713657,-0.00399867303633975,0.002457044779185336,0.00015873015873015873
2024-04-19,-0.009044090541898767,0.018497916848649727,0.035127845076957265,-0.021869887034451474,-0.008646407729533805,0.00015873015873015873
2024-04-22,0.008995712677334396,-6.719242503219758e-05,0.0036093013725257573,-0.0026927763264405734,0.007792597009646469,0.00015873015873015873
2024-04-23,0.012723736419735197,0.004935488177236056,-0.006992980642809354,0.00015746725254581033,0.00033548253416394724,0.00015873015873015873
2024-04-24,0.00011789503236562837,-0.0020381132261728155,0.0015204065440810278,-0.00015020372626084358,-0.007231238184665133,0.00015873015873015873
2024-04-25,-0.0041386094938549315,-0.004974727168196956,-0.003057536489384161,-0.0010230612949866354,0.019913091106217556,0.00015873015873015873
2024-04-26,0.01041859072383374,-0.003276929761285404,-0.012260502821904173,0.01652880765024312,-0.005864684641117016,0.00015873015873015873
2024-04-29,0.0038659171748891283,0.0035484963077947324,-0.002150873175907591,-0.003599208548313511,0.005936429354303911,0.00015873015873015873
2024-04-30,-0.01635663797985127,-0.0037997976389376256,0.004154128549035898,-0.0007784176115482998,0.0017617476697717183,0.00015873015873015873
2024-05-01,-0.0033251344350324497,0.006280399661600249,0.004237129287732776,-0.0012121787106572275,-0.01355067562058818,0.00015873015873015873
2024-05-02,0.009599216690164447,0.006307947307385304,-0.0034747507454787625,0.0006208098309150433,0.005710833768952851,0.00015873015873015873
2024-05-03,0.012209961747142844,-0.0043210579287665234,-0.010984579004889885,0.011729981496376237,0.013356667831646981,0.00015873015873015873
2024-05-06,0.010532213001517902,-0.0013110323069555688,-0.003633450625710353,0.002312745206850512,-0.005910568746018698,0.00015873015873015873
2024-05-07,0.0007746233809176774,0.0008384454010562289,0.0014599296756632324,0.005330412174908382,-0.0022217094071166413,0.00015873015873015873
2024-05-08,-0.00024329809406908173,-0.0012196544504681779,0.0017642133286365133,-0.0022531780293289752,0.0019553292834783575,0.00015873015873015873
2024-05-09,0.00541972622811378,0.00673426345296089,0.004929026274802154,-0.006536189871974171,-0.002273854551877821,0.00015873015873015873
2024-05-10,0.0010325176118195312,-0.006163941085451373,-0.00033173673466637267,0.0002706389658348827,0.0031374169977051725,0.00015873015873015873
2024-05-13,-0.00038293348816388823,0.0031253676268120814,0.0016582762399097004,0.0045379310926832814,0.005798410753093012,0.00015873015873015873
2024-05-14,0.005165085872043146,0.00467002469399221,-0.0004820219238730805,-0.002458062468423094,0.0006901896464070892,0.00015873015873015873
2024-05-15,0.01181356297809019,-0.008007942279835732,-0.008960321651452337,0.0020587429155034306,0.0044854797843894515,0.00015873015873015873
2024-05-16,-0.001887064859458771,-0.0010554467502378467,0.0026522225165991615,0.00027226371150424465,0.0037020465110673244,0.00015873015873015873
2024-05-17,0.0013431117843634944,-0.0028573273198750394,0.003620566571371611,-0.0039584008198228545,-0.00556943493601977,0.00015873015873015873
2024-05-20,0.0008068087574043041,-0.001529580147398775,-0.010239186017114375,0.009357005166876776,0.002849441408581765,0.00015873015873015873
2024-05-21,0.00260515241052163,-0.004332401616802182,8.508564098131397e-05,0.0011458278086298268,-0.003562641670522416,0.00015873015873015873
2024-05-22,-0.0033275997398212933,-0.004162433610509578,-0.0014535403922616781,0.0005300803019743809,-0.001326618402539996,0.00015873015873015873
2024-05-23,-0.008144534008932365,-0.008373209630260925,-0.015629696588756146,0.017333760196333776,0.016421959082209607,0.00015873015873015873
2024-05-24,0.006972187774943359,0.0011455060351604441,-0.0018423861021937757,0.0009461969129526699,0.0020551606114518183,0.00015873015873015873
2024-05-28,-0.0007146138355616361,-0.0020430826819500206,-0.010335846463368195,0.009430324033134527,0.008996961608202118,0.00015873015873015873
2024-05-29,-0.007659456530831314,-0.006861879064496085,-0.005128080152750662,0.004344186721261067,0.002786190877620897,0.00015873015873015873
2024-05-30,-0.004632491762145432,0.017255506794757264,0.017175423071036113,-0.006952508060560714,0.0012885733089778037,0.00015873015873015873
2024-05-31,0.008038436918505008,0.003422274499439156,0.01579272709974111,-0.009051351780093902,0.0031935557760284254,0.00015873015873015873
2024-06-03,0.0008802807769420404,-0.005381915646565503,-0.00877824643584802,0.008810012797796701,0.010179400183534274,0.00015873015873015873
2024-06-04,0.0009019730207427306,-0.014585036398552985,-0.011962068338834897,0.006038778765358422,0.001978844848462033,0.00015873015873015873
2024-06-05,0.011914227621132164,-0.0013134758057509275,-0.01406979352414383,0.007376738839939671,0.007802666867972688,0.00015873015873015873
2024-06-06,-0.0004666392144308222,-0.005335305962542039,-0.0007120962855273279,-0.0007925884697584317,-0.006441269536151902,0.00015873015873015873
2024-06-07,-0.0018318191392885763,-0.009464562740271423,0.0004945781455821211,0.000412142332838305,0.004445210455923884,0.00015873015873015873
2024-06-10,0.003107927070957202,-0.006107441388852003,-0.007322043037486717,0.005107621688856709,-0.005914238842465153,0.00015873015873015873
2024-06-11,0.0024348281829822908,-0.007154826348973066,-0.018424918920733092,0.01710267267951912,0.009870155601888947,0.00015873015873015873
2024-06-12,0.00821635237105224,0.008547445152132502,-0.007615740882126271,0.004849707102522602,0.0068474440890928055,0.00015873015873015873
2024-06-13,0.001454565668683158,-0.012507766373932751,-0.011561076549731278,0.010107737760464973,0.013886994928302374,0.00015873015873015873
2024-06-14,-0.0017356829867501355,-0.013646642793481774,-0.0053219771908815045,0.005505395928835531,0.0036528862666639385,0.00015873015873015873
2024-06-17,0.007594035437445799,0.0012713300775061658,-0.003311712612864331,0.002756155823485965,0.0007571734324849574,0.00015873015873015873
2024-06-18,0.0018151596672452452,-0.003191059131592203,0.0013033449409551754,-0.0004479998372253573,0.007887835070858887,0.00015873015873015873
2024-06-20,-0.0017761166324875006,0.0005446406443687863,0.008810409905699406,-0.01064951019280548,-0.012877186579905359,0.00015873015873015873
2024-06-21,-0.0009330148344144897,0.0035904731686838705,0.0012801437018364113,-0.003478205293663445,-0.013348539716459218,0.00015873015873015873
2024-06-24,-0.002229993017156603,0.00882808406866034,0.019544811290663953,-0.010783153377015834,-0.011616252946679416,0.00015873015873015873
2024-06-25,0.0032871944960955824,-0.01234491451561499,-0.018194021765996136,0.01747621797182365,0.0024547458375553674,0.00015873015873015873
2024-06-26,0.0015307371238966576,-0.002506472318699206,-0.008052480983104411,0.005928058728710444,-0.00016510460071307185,0.00015873015873015873
2024-06-27,0.0014289626379141711,0.004271973572515592,-0.001862093212454364,-0.006450893030286384,-0.008013307590048483,0.00015873015873015873
2024-06-28,-0.003501892780864018,0.013374418632072947,0.01648037489399554,-0.01207890057609783,0.00506133440974448,0.00015873015873015873
2024-07-01,0.0029678372635015098,-0.011767726814149353,-0.008059856255476285,0.007723041386729971,0.00012485909852379216,0.00015873015873015873
2024-07-02,0.006157606960344929,-0.002912673235441683,-0.0008201022482461646,-0.0028258650540734596,-0.00758423614060859,0.00015873015873015873
2024-07-03,0.004851664834766221,-0.0036682350103806483,-0.008534151926743207,0.008826720262496729,0.009996158772491465,0.00015873015873015873
2024-07-05,0.005501547572929679,-0.01214054229498095,-0.011462475447755683,0.0067907515678603874,-0.01164029142198313,0.00015873015873015873
2024-07-08,0.001103353359656912,0.004087259472222235,0.0017975129480753823,-0.0012501973102624338,0.010190354638603013,0.00015873015873015873
2024-07-09,0.000526144874769557,-0.007831634283265937,0.0062413901132859235,-0.0006596063040681073,0.006414270633054242,0.00015873015873015873
2024-07-10,0.010056906553101335,0.0010313646602508279,-0.0008865506575018913,0.0032471549659089556,0.005782744661456658,0.00015873015873015873
2024-07-11,-0.00721742608643594,0.0425901545395937,0.029353334404296653,-0.02397077478548705,-0.0009459977827818971,0.00015873015873015873
2024-07-12,0.005184471577151167,0.002952559177801764,-0.0024759020130784358,0.0020785145579121037,0.004925102075444901,0.00015873015873015873
2024-07-15,0.003242458133862075,0.01133579580266381,0.00787827841513835,-0.0034280344958145447,0.001875052198735372,0.00015873015873015873
2024-07-16,0.006710047851895753,0.029860030145982597,0.018692941348787986,-0.01557554362463075,0.0002401183673309648,0.00015873015873015873
2024-07-17,-0.014613040909464279,0.010161655289307396,0.03204458658984657,-0.014433704960680714,-0.007541701265823087,0.00015873015873015873
2024-07-18,-0.00821511899112685,-0.0071790395378975545,-0.0055921037721387585,0.01046488350697631,0.006748490614974803,0.00015873015873015873
2024-07-19,-0.006759908157594017,0.001118001129501331,-0.00282311652115129,-0.003728587851256542,-0.004666983936227168,0.00015873015873015873
2024-07-22,0.011009267829817931,0.0035707906420377484,-0.010646288477120522,0.008991160870101354,0.001995742533170671,0.00015873015873015873
2024-07-23,-0.0008807363204982995,0.007232612582540001,-0.0018953405677878932,-0.0045530766934340754,-0.001830017024593152,0.00015873015873015873
2024-07-24,-0.024152863450807603,0.005161575398870685,0.026973033838358734,-0.012907203103205075,0.0006740758579252548,0.00015873015873015873
2024-07-25,-0.005465646286494192,0.020073471504725417,0.009726679577358996,-0.012742976859452679,0.007457603731988198,0.00015873015873015873
2024-07-26,0.011020072416720773,0.005512381961549066,0.0002714760384062379,-0.004991095689983863,-0.0017668614468760706,0.00015873015873015873
2024-07-29,0.0007069281290385962,-0.007927327694064979,-0.005777785956090728,0.0015851276249777351,-0.008916163362446812,0.00015873015873015873
2024-07-30,-0.006201603731449017,0.012101979753646063,0.0218519229582296,-0.014746774720852805,-0.014365580599302982,0.00015873015873015873
2024-07-31,0.017860546292181485,-0.011992354329397256,-0.02947593549910392,0.022809439656873546,0.025827106602257798,0.00015873015873015873
2024-08-01,-0.014390810726072095,-0.01317705533955957,-0.0012992605125220456,0.006951918340106365,-0.018170085875458538,0.00015873015873015873
2024-08-02,-0.02031591025576924,-0.013401345300841052,-0.01692915211030699,0.017801035348384342,0.014597579316484378,0.00015873015873015873
2024-08-05,-0.03043847235785728,-0.0024083000937925488,0.0025663226196402655,-0.010020054167884894,-0.003613908882210883,0.00015873015873015873
2024-08-06,0.010623867621539454,0.003491401730148126,-0.0019004334036876978,0.0015394698098879656,-0.0027621653956184326,0.00015873015873015873
2024-08-07,-0.008382526119829382,-0.002282574541275737,0.007295100606488754,-0.003245921878781014,-0.00784929607952561,0.00015873015873015873
2024-08-08,0.02408382053860308,0.0004231688682121808,-0.009900033406399875,0.006647763462192004,0.005236562242178399,0.00015873015873015873
2024-08-09,0.004499053451987331,-0.006208580813197652,-0.005651414771559445,0.0037452163570662676,-0.0030570241085268665,0.00015873015873015873
2024-08-12,-0.00024001038568272152,-0.010903148538271087,-0.010221870632600882,0.008387257038941475,0.009955739853040818,0.00015873015873015873
2024-08-13,0.017369113957381062,-0.0017081007932796856,-0.011477114084471492,0.0018160624259584424,0.008167122768594107,0.00015873015873015873
2024-08-14,0.0031630890818336987,-0.008597084901532166,0.0010966735202532357,-0.0028603051165493683,0.00500376839094044,0.00015873015873015873
2024-08-15,0.01750364648629773,0.006068555218807201,-0.009692116119177767,0.004404782608369231,0.005186894386978384,0.00015873015873015873
2024-08-16,0.002157966279646638,0.0006156870441013213,0.007060143606144754,-0.0045755616225994266,0.0068538108916012695,0.00015873015873015873
2024-08-19,0.009722970403387677,-8.287024534116977e-05,0.0008498399025771517,0.00038703670107244695,0.0020456506982751213,0.00015873015873015873
2024-08-20,-0.0025869825643292967,-0.011284963333678254,-0.007687968653675338,0.004810141629135096,-0.007392080314063359,0.00015873015873015873
2024-08-21,0.0043860137139774,0.007399605494500212,-0.003441154736094637,3.869503204850019e-05,0.0034710195387500776,0.00015873015873015873
2024-08-22,-0.009344833272839225,0.0005283050907196,0.012092317897486132,-0.007814646006725427,-0.0010847764641298777,0.00015873015873015873
2024-08-23,0.012501896066757558,0.018652812909754762,0.005549625440477882,-0.004462041709839522,0.010941147156542307,0.00015873015873015873
2024-08-26,-0.0036040225863847196,0.0025135596389019984,0.007623473232524023,-0.003450312209711042,-0.001050946360992855,0.00015873015873015873
2024-08-27,0.0007194324308638393,-0.006280737268746568,-0.004235991407955335,0.0018009880643122568,0.005561544213740827,0.00015873015873015873
2024-08-28,-0.0061878442282426805,0.0022975281364139744,0.009426902613822773,-0.004964128196138121,-0.0012410221559569987,0.00015873015873015873
2024-08-29,0.00025145046047893874,0.005934221785622389,0.006624878399178879,-0.007614875670177635,-0.012821289737134246,0.00015873015873015873
2024-08-30,0.010555114744427203,-0.005651464356641638,0.001661113116870526,-0.0005631119419506215,-0.005634819144710636,0.00015873015873015873
2024-09-03,-0.021888769785144205,-0.00535335808430951,0.013243536646452997,-0.0103677456123869,-0.01678882318327074,0.00015873015873015873
2024-09-04,-0.00218802343875045,-3.7320680600504315e-06,-0.0005747502823441795,-0.003268329169130478,-0.004169148324407115,0.00015873015873015873
2024-09-05,-0.002676775626680391,-0.003307088573434497,-0.00850008039362989,0.005926157631201977,0.0012003505043390846,0.00015873015873015873
2024-09-06,-0.01823736424585965,0.0006815834036051835,0.0024701281657980717,-0.0022260688819503473,0.0010664720954053492,0.00015873015873015873
2024-09-09,0.011822773747401094,-0.014393177562668355,-0.005246430055004891,-0.0037411951833524696,0.0031484319038474103,0.00015873015873015873
2024-09-10,0.004086686992760432,-0.008141482676793498,-0.01668311880720863,0.01039963516841114,-0.0012719511046979347,0.00015873015873015873
2024-09-11,0.011419257211040909,-0.01061519844708478,-0.020762930727161687,0.013856322020879091,0.009563924829247023,0.00015873015873015873
2024-09-12,0.007816989312761638,0.003561056244661239,-0.006455991261771026,0.007882331128632195,-0.0017083818842897908,0.00015873015873015873
2024-09-13,0.0065944805616557165,0.019252661389721554,0.003772094644897874,0.00023791587719085468,-0.0001778150314269908,0.00015873015873015873
2024-09-16,0.0013474186985063005,0.0038328804063455513,0.014336416956064538,-0.011417383142124312,-0.010173466457251167,0.00015873015873015873
2024-09-17,0.0007754934788603071,0.008531422166839293,0.0061893819982506044,-0.0019196332357530588,-0.0051846911177332,0.00015873015873015873
2024-09-18,-0.002613170342830028,0.0036302650967601716,0.003824860098245451,0.0006988224045561954,0.0015500290334445927,0.00015873015873015873
2024-09-19,0.017332817517805032,0.0018671016865594268,-0.005622294208903594,0.00291482012472951,0.005400017529540294,0.00015873015873015873
2024-09-20,-0.0019887066345251427,-0.008113512219902997,-0.0027500545177474908,-0.0007988190439458039,-0.003428222590017139,0.00015873015873015873
2024-09-23,0.002681911701849609,-0.003592311263622305,-0.003414254823350554,-0.0009492983938884255,-0.002396890862060852,0.00015873015873015873
2024-09-24,0.0026021630972517277,-0.0020410348000110424,-0.006651830239411013,0.003439206852142702,0.012160245618353518,0.00015873015873015873
2024-09-25,-0.002456219541228671,-0.011957088737716361,-0.008632022846179158,0.004753929598971898,0.002366564053843041,0.00015873015873015873
2024-09-26,0.0032719246857143194,0.005466786541646928,0.008407762253025294,-0.004982942157610465,0.007176531542592793,0.00015873015873015873
2024-09-27,-0.0008097217448092529,0.008033974329985084,0.010371448709797906,-0.005352924635617203,-0.0019810148963826206,0.00015873015873015873
2024-09-30,0.004136413772952595,-0.0018671060367923447,-0.0017576974683087081,0.003979324771544997,0.002789755009191121,0.00015873015873015873
2024-10-01,-0.009318988543778044,-0.004518019430574475,0.002161149535705254,-0.0013857667403328992,-0.010876569720982878,0.00015873015873015873
2024-10-02,-1.0912351375054371e-05,-0.004129639755552969,-0.002088753183571603,0.0007330709593735437,0.007078434431123206,0.00015873015873015873
2024-10-03,-0.002067619971525109,-0.004851426799997125,-0.002992541370344077,0.006424895015162324,0.0068955481210206514,0.00015873015873015873
2024-10-04,0.009553381437659875,0.005606510331176543,0.008966534134356809,-0.009487744903244682,-0.00226390387634378,0.00015873015873015873
2024-10-07,-0.010009289745125036,5.581789377011835e-05,0.0034825376206534314,-0.002569361085932009,0.009564176724776453,0.00015873015873015873
2024-10-08,0.009278590083281213,-0.011617948759141032,-0.015120896822780333,0.0077683879649115585,0.006520045455608175,0.00015873015873015873
2024-10-09,0.006610140971659166,-0.004909858772805954,0.00019759835881827566,-2.786412083166743e-05,0.003029128751063828,0.00015873015873015873
2024-10-10,-0.002214658051408948,-0.0042994408193602375,-0.0023599702112911463,0.0036212091187153702,0.00210710823656709,0.00015873015873015873
2024-10-11,0.0064202356622416355,0.012557393389465144,0.01705435763004216,-0.01321156651969218,-0.003243696543386621,0.00015873015873015873
2024-10-14,0.007391176060155771,-0.0003590768167764406,-0.0038941930562772127,0.004718251886758693,0.007582715098578286,0.00015873015873015873
2024-10-15,-0.006877547516681188,0.007234112135344382,0.008076654292335606,-0.010752568555609026,-0.00241777902980669,0.00015873015873015873
2024-10-16,0.004615126625900849,0.009995431017181448,0.010252148336248632,-0.006237000616961084,0.005012946598400103,0.00015873015873015873
2024-10-17,-0.0004900568455720275,0.000550032141229569,-0.0013131126763774419,-2.633322913665303e-05,0.003175557969178261,0.00015873015873015873
2024-10-18,0.0039667169155860075,-0.00784785703900312,-0.0064050347154543524,0.004556625393312081,0.0024007989833576483,0.00015873015873015873
2024-10-21,-0.002513088668143602,-0.01609429201973988,-0.012314508095083035,0.010700243315932244,0.006708854777815066,0.00015873015873015873
2024-10-22,-0.0006408160595314919,-0.00498384149726366,0.0005865483008208546,0.0006672341387028394,-0.005918274797712901,0.00015873015873015873
2024-10-23,-0.009119049507133006,0.004297743522609656,0.011427941989301499,-0.006039109833932641,-0.0007749766404540198,0.00015873015873015873
2024-10-24,0.0036726682374685193,-0.000400301954860073,-0.0051105422833622105,-0.0031197429505315597,-0.008750383344613609,0.00015873015873015873
2024-10-25,-0.0003696920079097037,-0.004980947680805419,-0.010345652371605278,0.009088193016078067,-0.004798029723978037,0.00015873015873015873
2024-10-28,0.002996542835748522,0.012583910801156077,0.013135973113947381,-0.00863996603958111,0.00021779883440846328,0.00015873015873015873
2024-10-29,0.0014706747784851855,-0.004940914940391154,-0.012516368821664632,0.00704736519343416,-0.0036542319893397724,0.00015873015873015873
2024-10-30,-0.0028731347168379365,0.0044035556451696035,0.006470833345606044,-0.00031279923225121685,-0.006248767227092417,0.00015873015873015873
2024-10-31,-0.01860776474148994,0.003340218574196103,0.013423749445928855,-0.011404145893188257,0.00780175501858639,0.00015873015873015873
2024-11-01,0.004125969794501153,-0.00036437292227802995,-0.008496709572472415,-3.0594286165821615e-05,-0.005101976977225496,0.00015873015873015873
2024-11-04,-0.0025913880701688282,0.0076768585164437575,-0.003562014105527183,0.001687354744439084,0.0066357745441943845,0.00015873015873015873
2024-11-05,0.012662747859989651,0.007814192538354161,-0.0029826655431440443,-0.00218137385471201,-0.0005562084051098821,0.00015873015873015873
2024-11-06,0.026678098522221423,0.03393996713290821,0.033895992383397675,-0.02468649615845477,-0.013914934740682571,0.00015873015873015873
2024-11-07,0.007796130261954642,-0.012865160341670182,-0.025089941250006745,0.016600740843632413,0.0030820340061209622,0.00015873015873015873
2024-11-08,0.004309890032116437,0.0017862665234356593,-0.002846902738975875,-0.0068707675436283505,-0.004664585234268772,0.00015873015873015873
2024-11-11,0.0013766797070532439,0.012936562574693404,0.01254545616513543,-0.019295945426450627,-0.009653586706080151,0.00015873015873015873
2024-11-12,-0.0033461705545905366,-0.012336456176720334,-0.0068817163096264915,0.008740343422100783,0.0026908762497890957,0.00015873015873015873
2024-11-13,-0.00026077219778418854,-0.006906199885718951,0.0026402846396944716,-0.003608165262632531,-0.0024701659988272608,0.00015873015873015873
2024-11-14,-0.0062859191654710544,-0.0035096220727921417,0.0016806565770283114,0.0034573894762428806,0.008375507064454777,0.00015873015873015873
2024-11-15,-0.013214884022691525,0.002241169504684013,0.017134130550368585,-0.017471803696175396,0.0021135690544621753,0.00015873015873015873
2024-11-18,0.00414882570500853,-0.00419578787551607,0.001953922981749788,-0.001335601124781767,-0.00127707586610969,0.00015873015873015873
2024-11-19,0.004270304456437885,-0.0021829241220036833,-0.013700811363550176,0.011355358143136093,0.003627936323061031,0.00015873015873015873
2024-11-20,0.00025484069803520304,0.0022395285603769017,0.00029308675459532114,0.001213904750891144,-0.0011151191610898198,0.00015873015873015873
2024-11-21,0.005497935868210586,0.012121334539868796,0.0066265086161572916,-0.009859434749508754,0.012063786741690253,0.00015873015873015873
2024-11-22,0.00392406210006817,0.013277089500449115,0.008878269237460925,-0.011456400315942085,-0.0034560346815271873,0.00015873015873015873
2024-11-25,0.0037388377560800927,0.013914241356122266,0.00798166007552241,-0.0052610726737549775,-0.009423634138276696,0.00015873015873015873
2024-11-26,0.005638417204550704,-0.013565077162934513,-0.013413238697897513,0.007455804064836048,-0.0058509252411173334,0.00015873015873015873
2024-11-27,-0.003467266584198281,0.00391708046406627,0.008422141277772015,-0.0015864351298802023,-0.0005010342729951734,0.00015873015873015873
2024-11-29,0.005490687133431289,-0.004081522580142906,-0.007600109957294916,0.004993578057657876,0.0036685839302207663,0.00015873015873015873
2024-12-02,0.0028228804510043995,0.0024950226040336035,-0.013021450296328643,0.012818753443868652,-0.004747903036887486,0.00015873015873015873
2024-12-03,0.0005425702266861539,-0.008674122041984051,-0.011513208763992009,0.007575691944210101,0.000760291793828095,0.00015873015873015873
2024-12-04,0.006016519318432786,-0.003518532789511739,-0.017611909376705617,0.005335128561574935,0.004392524214295359,0.00015873015873015873
2024-12-05,-0.0021468177307984986,-0.010459723965620121,0.0014572348804727262,-0.0008396170239541884,-0.004593020626014752,0.00015873015873015873
2024-12-06,0.0027656277026334806,-0.002655056405764144,-0.006886574798574784,-0.0012180253255175773,-0.007461315220215742,0.00015873015873015873
2024-12-09,-0.006795700058915641,0.006207359710949492,0.001965466740027977,0.006044944138203884,-0.006694414458633987,0.00015873015873015873
2024-12-10,-0.0027844152717849966,-1.88353222331265e-05,-0.0032462803537187624,0.005446354443002125,-0.015496600424551686,0.00015873015873015873
2024-12-11,0.008125442036891969,-0.003975636868669759,-0.011292702438416458,0.006926953887723537,-0.001089375228673679,0.00015873015873015873
2024-12-12,-0.0049921016506477124,-0.002677127938219181,0.0007707809706687051,-0.0016079237500086986,-0.00023563704841746656,0.00015873015873015873
2024-12-13,-0.000494275495415004,-0.006434497596743315,-0.0063599298453538376,0.006219972574505288,0.0073687527678854454,0.00015873015873015873
2024-12-16,0.0031957341101618766,-0.0009804264236791525,-0.011361897891384923,0.005129324672487547,-0.009211225974225785,0.00015873015873015873
2024-12-17,-0.004381237712524076,-0.009566846453645441,-0.004595337788302954,0.007254113163639079,-0.005150362858388673,0.00015873015873015873
2024-12-18,-0.02972032417943332,-0.01134611193521631,-0.00027647767262558437,0.01004500338579855,0.010340273879373814,0.00015873015873015873
2024-12-19,-0.0010816619227196254,-0.0026011631149389664,-0.0031279355169747075,0.003449936742354928,-0.00011621105690509735,0.00015873015873015873
2024-12-20,0.010901284305278671,-0.004700837817099022,0.004808440421808962,-0.0053322804930435504,0.00917358512879469,0.00015873015873015873
2024-12-23,0.0065555945838388285,-0.007822763390034253,-0.003967955974270772,0.00650593953683575,0.005785757838301353,0.00015873015873015873
2024-12-24,0.010770653585678976,-0.0023379674728124696,-0.003242580257805012,-0.0013607546463052546,-0.004975540402966508,0.00015873015873015873
2024-12-26,-0.0004468266319084158,0.006570448881093332,0.003095723894831446,-0.00039123790986617015,0.004703928799250641,0.00015873015873015873
2024-12-27,-0.011048407711790328,-0.001868142262301916,0.006794298706000634,-0.004053337731768549,0.002255541498888647,0.00015873015873015873
2024-12-30,-0.010571641412319538,0.004300632423721557,0.0042637413586912734,-0.0010036868711003882,0.0040009676680205575,0.00015873015873015873
2024-12-31,-0.004092530029383716,0.007055773403439558,0.011134098384542972,-0.00640857174356946,-0.0007092771630653931,0.00015873015873015873
2025-01-02,-0.0021006092957650165,0.00033998160882487533,0.0013737795874490496,-0.0011134610824378244,-0.0030971885019125704,0.00015873015873015873
2025-01-03,0.01328363512632848,-0.0019264751480236354,-0.0070125618047008394,-0.0016341039538010863,-0.013591941678389277,0.00015873015873015873
2025-01-06,0.005341872922133623,-0.00882674645283119,-0.00514432949116547,0.007601505930576729,-0.013670123461472672,0.00015873015873015873
2025-01-07,-0.011325541258412937,0.004361604388359887,0.015664282790640232,-0.008123964153701183,0.01545745933942177,0.00015873015873015873
2025-01-08,0.0016533256128632564,-0.002559789095880266,-0.005203596361481081,0.0009723062772889199,0.00034946943326013506,0.00015873015873015873
2025-01-10,-0.015271352525485471,-0.006520691494599929,-0.0041692477103730165,0.008384312425637584,-0.0026559045477025887,0.00015873015873015873
2025-01-13,0.0012849555815689995,0.004747222335198165,0.011380565443871676,-0.008972556398019738,0.00916739154619985,0.00015873015873015873
2025-01-14,0.0010075275946764782,0.013136679280605405,0.012321735543426292,-0.013669514423304174,0.01018122152373237,0.00015873015873015873
2025-01-15,0.01877808788467759,-0.003268272179333797,0.0019221986531218656,-0.003684771929725064,-0.018191350474242803,0.00015873015873015873
2025-01-16,-0.002421895866896383,0.0051019783881911425,0.007132156680643635,-0.009613792947907176,0.012845750581772931,0.00015873015873015873
2025-01-17,0.010064339627565186,-0.0064315213852471275,-0.00238717256099758,-0.0005481661699475726,-0.006470215909270827,0.00015873015873015873
2025-01-21,0.008361354631727439,0.007842089934685374,0.0009084966559926699,-0.006388677770089311,-0.0012053251294641878,0.00015873015873015873
2025-01-22,0.00553495013361427,-0.014928114319546881,-0.022007840740638007,0.014980065837827912,-0.014834660339855291,0.00015873015873015873
2025-01-23,0.004952402919521685,-0.0022288296173041218,-0.0002760316403980058,-0.004043785444042812,0.004733993086576649,0.00015873015873015873
2025-01-24,-0.0024123951122267777,0.0019329207987649956,0.005460320529045352,-0.0014200387321712867,0.004136209095711028,0.00015873015873015873
2025-01-27,-0.012969154762886348,0.012236363283795628,0.032534541548234285,-0.02172279698859756,0.04938354437542952,0.00015873015873015873
2025-01-28,0.010221971800270221,-0.011955874081807155,-0.026314755875681255,0.017816101384611396,-0.02423047261114999,0.00015873015873015873
2025-01-29,-0.004746367756535724,0.0002820361592532185,0.00411422556727343,-0.004209676225765119,0.008082382564086936,0.00015873015873015873
2025-01-30,0.005465874497595413,0.004889150436637577,-0.0005567671888038746,-0.0033569428303463255,0.00020131893758031268,0.00015873015873015873
2025-01-31,-0.005019716138481671,-0.0035242484055439437,-0.003762658849316837,0.0010501418202824237,-0.004085282578004576,0.00015873015873015873
2025-02-03,-0.007739750650425899,-0.007654754103990284,-0.0017581669022722537,-0.00184857795937349,0.004920017792901494,0.00015873015873015873
2025-02-04,0.00748226491789018,0.0037962304759861032,-0.0032322066578100413,0.006690299874127586,-0.010811289586280703,0.00015873015873015873
2025-02-05,0.0035257784622170123,0.006043805052340923,-0.000684486374649863,-0.001098004846028627,0.0065409173571465,0.00015873015873015873
2025-02-06,0.0032857022578943705,-0.007368482107047407,-0.002727899246014529,-0.00549378095102313,-0.008502324706823657,0.00015873015873015873
2025-02-07,-0.010168924417452348,-0.0035796276714146463,0.002857661836606436,-0.004236384533080012,0.006293186096275722,0.00015873015873015873
2025-02-10,0.006215955098383674,-0.004712386676431762,-0.00983770619011426,0.010870078521250371,-0.005284503474921354,0.00015873015873015873
2025-02-11,-0.000568234561480866,0.0003453467860662618,0.007584239469177648,-0.0010182617178480713,0.010061841451401474,0.00015873015873015873
2025-02-12,-0.002692446352589038,-0.012119437241030599,-0.003519752345630472,0.0035402611822933474,0.0008715609062184757,0.00015873015873015873
2025-02-13,0.010939940025770869,0.003362286247950822,-0.00037046852219059165,0.006492381393111835,0.0006891745172245816,0.00015873015873015873
2025-02-14,-0.00018953100938020345,-0.0011774925516058923,0.004180330942560092,-0.0037656156386432107,0.0022182670068055716,0.00015873015873015873
2025-02-18,0.0017787769341345056,0.004074539597053475,0.010470657854827996,-0.008567937861622944,0.0044478394841223085,0.00015873015873015873
2025-02-19,0.0021609887392927303,-0.008058345208650616,-0.0037607203182609913,0.006193053180543061,0.0032982994057824087,0.00015873015873015873
2025-02-20,-0.00552744657142726,-0.003767433811119481,-0.00014380450265823706,0.011376880685741426,0.0035307866059391415,0.00015873015873015873
2025-02-21,-0.01818975724163352,-0.005654283398475405,0.008113128703359986,-0.00036720469460278446,0.017061475675348454,0.00015873015873015873
2025-02-24,-0.005791075794319317,0.0012950117959822753,0.014145201663092927,-0.003231157699460073,0.014355162786930937,0.00015873015873015873
2025-02-25,-0.0054158174660746345,0.007488797646244419,0.002343626139300594,0.00190025465081333,0.014188038951499738,0.00015873015873015873
2025-02-26,-0.00019307685016476528,-0.002344346207168561,-0.006390306993447378,-0.0071272972570342544,-0.013967892318952447,0.00015873015873015873
2025-02-27,-0.016095335731272486,0.0008963142300188742,0.021193399889231624,-0.013964331206351589,0.02086997243876104,0.00015873015873015873
2025-02-28,0.015923981164970243,-0.009279740582373394,0.0014228008395588444,-0.0005871764825092878,-0.0037737225757893244,0.00015873015873015873
2025-03-03,-0.017841215931305925,-0.006339459139110402,0.004353385934030382,-0.0073395446687025846,0.022588374853282092,0.00015873015873015873
2025-03-04,-0.012354634772128807,-0.0019883755686928555,-0.019632819533570794,0.02008419409954571,-0.016709019911453776,0.00015873015873015873
2025-03-05,0.011112743283027688,-0.0011490746714909756,-0.005777034482506858,0.005519123872347496,-0.009826538646747908,0.00015873015873015873
2025-03-06,-0.018789163761987502,0.009923924709381547,0.014296621050888914,0.0035197053484358164,0.01717754874915106,0.00015873015873015873
2025-03-07,0.0049388970300995785,0.0015733900219755438,-0.0005138610095628362,0.008107394827926788,0.002992788109552356,0.00015873015873015873
2025-03-10,-0.028782998644562872,0.005311118327339947,0.012972287538108696,-0.0002183051180384317,0.025068974510703022,0.00015873015873015873
2025-03-11,-0.00586702294487011,0.002667195676844009,-0.0032059935719514127,-0.0018265288075840162,-0.01802114824982915,0.00015873015873015873
2025-03-12,0.005572880548614262,-0.008173715773601518,-0.0073143561190300525,-0.000278879845662894,-0.019622265625148346,0.00015873015873015873
2025-03-13,-0.014764864214411672,-0.0015521462740615052,0.017355809901958237,-0.004093277419996818,0.010603060678431676,0.00015873015873015873
2025-03-14,0.021992181600459876,0.00211855246729422,0.0007822094903297411,-0.004968648135263841,-0.011644075401421828,0.00015873015873015873
2025-03-17,0.00644540584278116,0.005160549265879499,0.00942029674792616,-0.010016890562491908,0.012395616290217298,0.00015873015873015873
2025-03-18,-0.011439677006006775,0.005130285067986476,0.01603943795603413,-0.009700764739299182,0.013498506351675318,0.00015873015873015873
2025-03-19,0.011576931083295586,0.0018676384133985962,-0.006395546359404805,-0.001632455128498,-0.006976289723445649,0.00015873015873015873
2025-03-20,-0.0023063417430558607,-0.003255338645821985,0.003452438019084661,-0.0016887552197066265,-0.001170204438733327,0.00015873015873015873
2025-03-21,0.0013427097446246296,-0.008682399063253281,-0.009175498400228235,0.005417080450270216,-0.0043362049596547695,0.00015873015873015873
2025-03-24,0.019099825384035214,0.005332669854777625,-0.006241350595822403,-0.003969075828862835,-0.01296278374414396,0.00015873015873015873
2025-03-25,0.0014250892984962826,-0.009259544951745552,-0.0012164078460286981,-0.0024085524741929375,-0.0053733935955863205,0.00015873015873015873
2025-03-26,-0.011686636922325395,0.007007976384590282,0.014873755563265121,-0.00873572859754904,0.020031516570130175,0.00015873015873015873
2025-03-27,-0.0040288678587927255,0.0005196046419939414,-0.002636709201150384,0.0030722937531064247,0.006837239164725765,0.00015873015873015873
2025-03-28,-0.02023423810576668,-0.0005009383975891832,0.002326050897248421,-0.0008535927174867577,0.01166414555700147,0.00015873015873015873
2025-03-31,0.005065341603367608,-0.006254726212168725,0.006019435726724421,-0.0036732975661365784,0.007555113608909289,0.00015873015873015873
2025-04-01,0.00390521024351562,-0.0003186520893608408,-0.008825756020767198,0.00500927898367618,-0.008543174808537182,0.00015873015873015873
2025-04-02,0.007062203977337617,0.008172246805391047,0.004152618502919359,-0.006618390715632617,-0.004499439179272252,0.00015873015873015873
2025-04-03,-0.04907017470687574,-0.023287477474895325,-0.013241063257181579,0.012506996603667955,0.004359675404801429,0.00015873015873015873
2025-04-04,-0.05993916923440553,0.0195312203895825,-0.0057455189149206234,0.008269968321833014,-0.003983462764521252,0.00015873015873015873
2025-04-07,-0.0018935940515434316,-0.012613369666070734,-0.003590145824584288,-0.0020622568722441703,-0.011818052036508923,0.00015873015873015873
2025-04-08,-0.01679021788807522,-0.01369465557656523,0.0021838669875572578,-0.0025304376754521195,-0.0073655216536487565,0.00015873015873015873
2025-04-09,0.09736701285703647,-0.004706380693401513,-0.02450162442485458,0.01704834457483881,-0.03706356474674223,0.00015873015873015873
2025-04-10,-0.03487340685364946,-0.011709216937801498,-0.005918949071517764,0.0019789749047201335,0.00022093215724868637,0.00015873015873015873
2025-04-11,0.017886894395292615,-0.006152831491829087,-0.008639893507706832,0.0052586366913849256,-0.004163348569474725,0.00015873015873015873
2025-04-14,0.008037189373388853,0.0027905576288223786,0.007026547907139187,-0.00434386600293119,0.009992788354690172,0.00015873015873015873
2025-04-15,-0.00160578869093216,5.064602052580838e-05,0.004411288667429897,-0.0065796025468165854,-0.001214839968583643,0.00015873015873015873
2025-04-16,-0.022209825625574362,0.01235037918000757,0.012065275809344963,-0.011813151746829282,0.014704653238106605,0.00015873015873015873
2025-04-17,0.0026409300902673913,0.008716689276551882,0.007361132944584773,-0.006990200649069188,0.008003753806741768,0.00015873015873015873
2025-04-21,-0.023826556978882252,0.003300385908321369,0.009171195075775483,-0.003469435860771204,0.009285306519565769,0.00015873015873015873
2025-04-22,0.025397842542317948,-0.000330157625899951,0.0035564563270831864,-0.003862719241373439,0.0007362876336777444,0.00015873015873015873
2025-04-23,0.0170079689472035,-0.004753643987601842,-0.006189571441933751,-0.0012482014280328323,-0.012451120083189281,0.00015873015873015873
2025-04-24,0.02031337491029474,-0.00033659787856675505,-0.005571669924195444,0.00015302251249127777,-0.0161681208013165,0.00015873015873015873
2025-04-25,0.006849837186307496,-0.007116471067895303,-0.014865872864912012,0.009265944874307068,-0.015507981107805505,0.00015873015873015873
2025-04-28,0.0007817911077511296,0.0027253184701506276,0.002911233203746172,-0.0026650753963576696,0.005636760942761686,0.00015873015873015873
2025-04-29,0.005691256745004426,-0.0007902735203571213,-0.0005979860053835322,-0.001020375294830153,0.0022367861798629277,0.00015873015873015873
2025-04-30,0.0009371648181599793,-0.010043281150665532,-0.007372881031885642,0.003971947757501281,0.00420588288340104,0.00015873015873015873
2025-05-01,0.005995957112261496,0.0014689274118144507,-0.007012564967150749,0.00583734343306847,-0.015889232076009147,0.00015873015873015873
2025-05-02,0.014728054335143573,0.007653400741374716,0.004808265050902014,-0.005858662954816287,-0.004328358124187703,0.00015873015873015873
2025-05-05,-0.006326596601990092,-0.0027112136151655145,-0.01037742574308168,-0.004664497717603284,0.0031757100346731515,0.00015873015873015873
2025-05-06,-0.007925092268786122,0.0008708480556726718,0.00276322439117308,0.0008284742127678772,-0.0007380436686232304,0.00015873015873015873
2025-05-07,0.0037846823146737265,-0.0034701651489986093,-0.003629976564546021,-0.0010825228815696556,-0.003242020407732726,0.00015873015873015873
2025-05-08,0.006292774166400131,0.0151518062350522,0.008125967365254243,-0.005324270359232774,0.0023120672238852507,0.00015873015873015873
2025-05-09,-0.0006755964670226817,0.002497180501074201,0.0021702539987665695,-0.0015914603067018632,0.0007849546769294331,0.00015873015873015873
2025-05-12,0.03249464266548849,0.005026431445798361,-0.009393372152756246,0.005762812770712132,-0.010205321722001729,0.00015873015873015873
2025-05-13,0.006571021085760741,-0.0023037383718290992,-0.007274168970377564,-0.0011329667361552956,-0.014790801473607628,0.00015873015873015873
2025-05-14,0.00018192688040965372,-0.010266263834252125,-0.009276793327442221,0.004998249458704486,-0.011466782334022239,0.00015873015873015873
2025-05-15,0.004593933284058192,0.0010614353655436356,-0.0008383309791465659,-0.00434396135770711,0.010532213635810157,0.00015873015873015873
2025-05-16,0.007718544529910679,2.9004227464806548e-05,0.002711088004132443,-0.0004531440443763593,0.00363682846953635,0.00015873015873015873
2025-05-19,0.0010385953927540797,-0.006546077870191818,-0.0049055170761898555,0.0022436531759696537,-7.945556458004372e-05,0.00015873015873015873
2025-05-20,-0.00402506804582107,0.0011383791192882556,-0.00017169441326453285,-0.000553145598400914,0.0026642269226931285,0.00015873015873015873
2025-05-21,-0.016666361598799393,-0.013275165926845866,-0.007062732427109135,0.009985206503575856,-0.0034255723166816167,0.00015873015873015873
2025-05-22,-0.0008378574753887195,0.00032798888864672156,-0.0029639776840483306,0.00040878119918610174,-0.005479828331954133,0.00015873015873015873
2025-05-23,-0.0064904631532257135,0.001150000132950156,0.004000279491529412,-0.008712860126248612,0.00472464309441911,0.00015873015873015873
2025-05-27,0.02007978656794695,0.006301221002898028,-0.0020257311170773194,0.0027553793110861972,-0.004422615887732222,0.00015873015873015873
2025-05-28,-0.005905482634181646,-0.006223505889668777,-0.005146966537088537,0.0009052906938911403,-0.0008666574865711582,0.00015873015873015873
2025-05-29,0.003497255025913119,0.0010084910352274189,0.00299370745516848,0.0023871518651623434,0.0007264224568128714,0.00015873015873015873
2025-05-30,0.0006031561625451684,-0.005081177053450793,-0.005399905746533768,0.0006744856642802736,0.0028082822172548587,0.00015873015873015873
2025-06-02,0.003934628313271589,-0.007905918023118111,-0.008413462587081288,0.004746917270287793,-0.005614989718827767,0.00015873015873015873
2025-06-03,0.005749571198816241,0.010305031604823014,0.0011799048337344416,0.00035970915925677936,0.0015089199326705728,0.00015873015873015873
2025-06-04,-7.333667970004759e-05,-0.0027927079082664613,-0.008839622933319977,0.012660121004325344,-0.004711767805530532,0.00015873015873015873
2025-06-05,-0.005919046585598245,0.0050092541017340555,0.003865559018168639,0.017064934161635043,0.003801911569895679,0.00015873015873015873
2025-06-06,0.010652608091524036,0.0031417625543094345,0.004912033899782009,-0.006902349007847596,0.0005699342237705605,0.00015873015873015873
2025-06-09,0.0009403816840500901,0.007393059369456812,0.003028586374179097,-0.00770199010369318,-0.006033052134530058,0.00015873015873015873
2025-06-10,0.005491969150656768,0.0015659217483361939,0.0037160496460094438,-0.004059816975883095,-3.0202141592391464e-05,0.00015873015873015873
2025-06-11,-0.0029894921044800677,-0.002749935438787467,-0.0026127103729119273,-0.0026138200242749117,-0.0053040218393535545,0.00015873015873015873
2025-06-12,0.0024332613265828553,-0.007079081301590302,-0.004134360681206574,0.007834322326771882,-0.0022074157669959,0.00015873015873015873
2025-06-13,-0.011895021646580042,-0.008977446923432534,0.00048745491815045325,-0.00435201835553195,-0.00334933506107671,0.00015873015873015873
2025-06-16,0.009574470249261625,-0.0015167332596210947,-0.0011356274071767578,-0.0016224723703111357,-0.0020312540509148224,0.00015873015873015873
2025-06-17,-0.008704201356190858,-0.0031252238990177855,-0.0012329205456424151,0.002095582699902567,-0.004063691520818367,0.00015873015873015873
2025-06-18,-0.00037135727867469465,0.0032149420768186267,0.009155137703141612,-0.009867298040988346,0.0019703357978180097,0.00015873015873015873
2025-06-20,-0.0021907640050240563,0.00033627612121043095,0.0044452980231843315,-0.006257120324068113,0.018542056556480092,0.00015873015873015873
2025-06-23,0.010013212035278964,0.0022549849704227177,-0.004783050755960892,-0.009858245003894742,-0.005707528719506693,0.00015873015873015873
2025-06-24,0.010794840013141694,0.0007476731063811165,-0.0005571961023267263,0.004164863873560657,-0.010981217859691448,0.00015873015873015873
2025-06-25,-0.0006543532892202751,-0.010955985667597095,-0.006729036752967281,0.011409452871954159,-0.005007642834272165,0.00015873015873015873
2025-06-26,0.007815463930963695,0.007711827170274232,0.0036291394005796493,-0.0010129028291213527,-0.006832182375947949,0.00015873015873015873
2025-06-27,0.0050937043732942645,-0.0025192330626600873,-0.004935019169901834,0.0017660711364090352,-0.004071470350236725,0.00015873015873015873
2025-06-30,0.004929035397007956,-0.007449899347990006,-0.0036010550673087087,0.00583894831015984,0.0074590489812916385,0.00015873015873015873
2025-07-01,-0.001176907978046527,0.020680671175652067,0.024984219693071165,-0.0012753489012205742,0.023254495098522815,0.00015873015873015873
2025-07-02,0.004769939143241417,0.008879801711860957,-0.005230556216398285,-0.002877795271275376,0.0035918245222267735,0.00015873015873015873
2025-07-03,0.008289268338214612,-0.002155885194502963,-0.0029395845290908686,-0.0016988199524572024,-0.007416938628331875,0.00015873015873015873
2025-07-07,-0.00804395201446569,-0.009679942966614261,-0.006972174528193522,0.006267196916184594,-0.0033336418925474657,0.00015873015873015873
2025-07-08,-0.0010048940606610548,0.009922037680756071,0.005091216554449829,0.0031955102979228105,0.0038195121533132472,0.00015873015873015873
2025-07-09,0.00604563371700312,0.0017121072447251863,-0.007411278781703276,0.006696810618057686,-0.006000960349320344,0.00015873015873015873
2025-07-10,0.002769279067042822,0.005667097085267091,0.005100563565081617,-0.012714777535091069,0.00539136361565554,0.00015873015873015873
2025-07-11,-0.0035202016228041196,-0.00935854087478938,-0.002165936986949423,0.0005023420848378384,-0.008673516319649618,0.00015873015873015873
2025-07-14,0.0019085105148053366,-3.7587720105392367e-07,-0.0012349703302050792,-0.004976857455643799,-0.006369874840875601,0.00015873015873015873
2025-07-15,-0.0048641063537263616,-0.018335413231361175,-0.019299603237195612,0.012797268188171326,-0.007134049373092948,0.00015873015873015873
2025-07-16,0.003151541760460814,0.0036599981631171997,-0.0001975659539851216,-0.003373959267728342,0.001876318421864818,0.00015873015873015873
2025-07-17,0.004934257831379387,0.006248276297862308,0.004437232272590891,-0.0006518919989141163,-0.001906723945096825,0.00015873015873015873
2025-07-18,-4.053783077639048e-05,-0.0090418977603639,5.6756853693641315e-05,-0.00689666350299278,-0.0008571753804367907,0.00015873015873015873
2025-07-21,0.0013368472401574041,-0.0035632917184980767,-0.0032944837653991607,0.00514348288965192,-0.0015151416963497337,0.00015873015873015873
2025-07-22,0.0008584943440864746,0.013092273109896573,0.016506951290294704,-0.0049882709695199074,0.014147048783998615,0.00015873015873015873
2025-07-23,0.007630776766293844,0.0052102008060602965,0.004524399982073713,-0.0026146902332531722,-0.0051249253436069725,0.00015873015873015873
2025-07-24,0.00013116246497150915,-0.01628994544216261,-0.009774272520472823,0.016395362963367764,-0.004314999515290085,0.00015873015873015873
2025-07-25,0.003962996748597468,0.00040019725761489874,4.615037939789072e-05,-0.006057317211438323,-0.0007321180312738467,0.00015873015873015873
2025-07-28,-0.0001485343376037162,-0.001353499256442575,-0.008813847225421242,-0.0009912836541435275,-0.007169431770433551,0.00015873015873015873
2025-07-29,-0.003212429701878537,-0.0017981879137281657,-0.0011292646979275608,-0.001812579503541396,-0.0014726274480827807,0.00015873015873015873
2025-07-30,-0.0016208836898637868,-0.007609110477505964,-0.005770348662895187,0.000547322526195852,-0.011650484490262307,0.00015873015873015873
2025-07-31,-0.003856079462054094,-0.007844088664820378,-0.011982429167060212,0.014575483544603904,-0.010449975707712576,0.00015873015873015873
2025-08-01,-0.01635435540878654,-0.0027636624089598383,0.003418412542732256,0.002302023868539907,0.007716467185021204,0.00015873015873015873
2025-08-04,0.01474473159488967,0.0015901166089397033,-0.0154280626363806,0.008254107762723208,-0.00931963189118122,0.00015873015873015873
2025-08-05,-0.0047828047391763615,0.011012819292487158,0.013941209195817147,-0.005315020538358471,0.004310583910596965,0.00015873015873015873
2025-08-06,0.007570559973622421,-0.010196880441397674,-0.01424782776013529,0.005355621103760374,0.002652646172965961,0.00015873015873015873
2025-08-07,-0.0006421679076407344,-0.003350141186285911,-0.006436751442873697,0.0035359333752024978,0.01633149391063058,0.00015873015873015873
2025-08-08,0.007375714528933114,-0.00657999150222031,0.0018226911195197548,0.003360668200352181,0.011259055124237922,0.00015873015873015873
2025-08-11,-0.0023607126614191617,0.0011910813609527066,-0.00017401949084851123,-0.004249174182643213,-0.002283989945764218,0.00015873015873015873
2025-08-12,0.011743769717217254,0.021481722993292034,0.00946803953056943,-0.0033023821248574503,0.0008245028051030306,0.00015873015873015873
2025-08-13,0.003577802202487974,0.02100024476704359,0.013185735134777624,-0.003853770743193759,0.015901890426621726,0.00015873015873015873
2025-08-14,4.209085251264365e-05,-0.014296537769687895,0.0035545661289668224,-0.00010742455348386629,-0.005609369262285069,0.00015873015873015873
2025-08-15,-0.002769299638835738,-0.002444828890296962,-0.0023592061900954415,0.006724337028599928,-0.00029086958600757235,0.00015873015873015873
2025-08-18,1.4745631198837293e-05,0.0023291397342152095,0.0017803421101540927,-0.003970541096525564,-0.00252471732819177,0.00015873015873015873
2025-08-19,-0.005766032679236924,0.00839285979495124,0.018293329795546008,-0.005619360362028408,0.015513073490144759,0.00015873015873015873
2025-08-20,-0.00253744630934927,-0.002540363234715205,0.003740049732191113,-0.003721783636538103,0.00027185817494560123,0.00015873015873015873
2025-08-21,-0.0041105334459063374,0.0031329544297099663,0.005211321553629455,-0.000678422246160517,-1.9495638144476513e-05,0.00015873015873015873
2025-08-22,0.01583281413378703,0.025627590822818062,0.009496943457157103,-0.010777284917716094,-0.001819644121784366,0.00015873015873015873
2025-08-25,-0.004518326368604412,-0.005928782130213835,0.0006094130266991156,0.0007730350344771976,-0.0033158914815442234,0.00015873015873015873
2025-08-26,0.004261417674217517,-0.0026041587506441307,-0.0017225543110245978,-0.005105642666269743,-0.0020755950249701388,0.00015873015873015873
2025-08-27,0.0022001563932129717,0.007083994499146155,0.006065338168128356,4.281657738379116e-05,0.0020105895942356695,0.00015873015873015873
2025-08-28,0.0030082110547019923,-0.004786269160469005,-0.004000464136658293,0.0006218717081624371,-0.0034225519257818048,0.00015873015873015873
2025-08-29,-0.006141888103997945,0.004257085987720604,0.013456938495800225,-0.0009147731124082327,0.009643256158503853,0.00015873015873015873
2025-09-02,-0.006796498221621922,-0.0016082383687636929,0.000739424733750188,0.0004166106813373689,0.00016584583517796105,0.00015873015873015873
2025-09-03,0.004890586674146274,-0.006600928837007107,-0.0076967683379090875,0.012921910370834361,0.004448188000048577,0.00015873015873015873
2025-09-04,0.008634940202854635,0.004983785997059715,0.001085520534229223,-0.003028725778824148,-0.005268206429426257,0.00015873015873015873
2025-09-05,-0.0029282701473513422,0.005535852776129044,-0.004942093777155048,0.0030252881034238104,0.0029959296416167394,0.00015873015873015873
2025-09-08,0.0025703185638272204,-0.006188134357741759,-0.011647060315072025,0.0038053691173445636,-0.009308008309256786,0.00015873015873015873
2025-09-09,0.0025230421533399307,-0.01144038048967118,-0.0011099666183941798,-0.0030841874203227236,-0.012896302520210099,0.00015873015873015873
2025-09-10,0.0038473086225881154,-0.008510629427555911,-0.005863968503772789,0.010186592869258803,-0.025961948264262333,0.00015873015873015873
2025-09-11,0.009012953894531696,0.012012565553752491,0.0072058462469218685,-0.01598820292413732,0.009210195507706506,0.00015873015873015873
2025-09-12,-0.0011168746248144908,-0.013188516298983634,-0.0046629576613781585,-0.005945622074209062,-0.0008450124535378907,0.00015873015873015873
2025-09-15,0.004446138701006522,-0.004816157726646156,-0.008421768960866806,0.0015229183571557371,-0.006878502186891245,0.00015873015873015873
2025-09-16,-0.001163645732005211,0.0005188292523087738,-0.0008218486411385578,-0.0037600914564497696,0.0032936571819744197,0.00015873015873015873
2025-09-17,-0.0007885464477037441,-0.0007017910529954071,0.0072090164345409245,-0.009275651075535282,0.009548580527129213,0.00015873015873015873
2025-09-18,0.00508663067414875,0.015354861889539464,0.00884879211889162,-0.002554459858019489,-0.008674749044383605,0.00015873015873015873
2025-09-19,0.004255722744942907,-0.019157923173583318,-0.009302471375746739,0.0046711877703133654,0.0049556279916227785,0.00015873015873015873
2025-09-22,0.00416539260492566,-0.002852374229417834,-0.011369385696353578,0.007321270161506583,0.010609590624239607,0.00015873015873015873
2025-09-23,-0.005590033207495128,0.002821741166973197,0.010440177804519831,-0.006580162428693552,0.009167683277598503,0.00015873015873015873
2025-09-24,-0.003135111497641241,-0.0032276493425890933,0.007312282805853691,-0.004990347273624139,-0.0029699163519176755,0.00015873015873015873
2025-09-25,-0.0054197492670083605,-0.0038659577811375745,0.0026941188103738723,0.0023423804005993218,0.008435420205673469,0.00015873015873015873
2025-09-26,0.0058523122039588595,0.005413207336441626,0.005937269190822043,-0.008500674170419997,-0.002456636702984235,0.00015873015873015873
2025-09-29,0.002467930721882404,-0.004859867341396475,-0.006355117007415147,-0.0007413408721041481,-0.004640067162309571,0.00015873015873015873
2025-09-30,0.0037267368505635385,-0.0024014912341504754,-0.009376167359497955,0.007985214891153846,-0.0014121071540368797,0.00015873015873015873
2025-10-01,0.0034491743389576156,-0.0025998674875787444,-0.009300521417652923,7.926830073834781e-05,-0.002370211470134805,0.00015873015873015873
2025-10-02,0.0003048135601146819,0.0021791622515324616,-0.004641251701538045,0.010772134532299846,0.0021057193913555563,0.00015873015873015873
2025-10-03,7.036333647870977e-05,0.005533049430623464,0.010190680831957365,-0.00026098791518931237,0.005777746954598028,0.00015873015873015873
2025-10-06,0.0036235141748625025,-0.009142668719508779,-0.0062604734517452115,-0.011251949693459662,-0.012549609383587125,0.00015873015873015873
2025-10-07,-0.004253237289690984,-0.00853416737796642,0.0009654116536799624,0.006231400813846545,0.006305331094258985,0.00015873015873015873
2025-10-08,0.005538461530729794,0.0005974143591658673,-0.014722679327449074,0.0055343213846925365,-0.006419715286309561,0.00015873015873015873
2025-10-09,-0.0030257778165385853,-0.007582293724612123,-0.006563132884015733,0.0012348152901866054,-0.012185671327240796,0.00015873015873015873
2025-10-10,-0.02675230985569883,-0.002309528565379179,0.0030188987782161607,-0.0006045626722826457,0.005630962679314861,0.00015873015873015873
2025-10-13,0.01580565791906426,0.001877613666062962,-0.004379407100716253,-0.0036892346829296013,-0.011947221127515617,0.00015873015873015873
2025-10-14,-0.0007683270381351014,0.01779150720250881,0.025576380340408513,-0.008056588915991546,0.014905652778561755,0.00015873015873015873
2025-10-15,0.004031759777356883,0.0006539632793803405,0.0023409565555789504,-0.004041224786194754,-0.0010211824310147255,0.00015873015873015873
2025-10-16,-0.006637219886048994,-0.007664682969068803,-0.017847712990345974,0.013429890074097653,-0.003056933625619005,0.00015873015873015873
2025-10-17,0.004931038898729959,-0.004058931201472766,0.00293487876299791,-0.0044188794075048195,0.008178786095092684,0.00015873015873015873
2025-10-20,0.010221180719314625,0.00452054832286156,0.003332379532742097,-0.005361346905177006,0.013539054519717326,0.00015873015873015873
2025-10-21,9.625597201413303e-05,0.0039874242243478665,0.002019196781323971,0.0002181724535364985,0.007215523142903706,0.00015873015873015873
2025-10-22,-0.005254864830457272,0.0009066375845781871,0.0026870331182540634,0.0017746175125489608,-0.007598658474360139,0.00015873015873015873
2025-10-23,0.005870790683638908,0.0001769514543007106,-0.0029699112165335745,-0.0016548168985972833,-0.0027752731777625685,0.00015873015873015873
2025-10-24,0.0074150270616659955,-0.001886817937488028,0.0036064971399154527,0.002329974976632435,-0.004786018317312413,0.00015873015873015873
2025-10-27,0.011637660911076588,-0.013010923194986606,-0.012600574003607092,0.0027172113902546,-0.005227069820947767,0.00015873015873015873
2025-10-28,0.0016083501462786217,-0.008155690711877014,-0.015139510296588686,0.007568507788901185,-0.012309484934189265,0.00015873015873015873
2025-10-29,-0.0014813614257795547,-0.015877122417475246,-0.014075527507445054,0.008493211419577661,-0.01466060115932429,0.00015873015873015873
2025-10-30,-0.010173820603182783,0.003449544762569019,0.01337708896555714,-0.0038551962566389843,0.016266930480126524,0.00015873015873015873
2025-10-31,0.003070204903169284,-0.0015693173642015942,0.0013258232180172773,-0.007642580680283863,-0.00551011874889429,0.00015873015873015873
2025-11-03,0.0017577375824965938,-0.0013837361092591308,-0.006817775674199821,-0.0005761904162531377,-0.010505800524346182,0.00015873015873015873
2025-11-04,-0.01193693983709844,0.0020348237379328536,0.016538519149374202,-0.0010739622475802058,0.01694162305413417,0.00015873015873015873
2025-11-05,0.00399687137500325,0.009335724725270712,-0.0009015373651733802,-0.008262768425433003,0.0016087571398250497,0.00015873015873015873
2025-11-06,-0.011758400252755031,-0.001511422979574878,0.013927381690384684,0.0005217402375368944,0.012515220999339053,0.00015873015873015873
2025-11-07,0.0012649173559297288,0.005547940759747419,0.010594287664424867,-0.001840262802463959,0.003498144044388835,0.00015873015873015873
2025-11-10,0.015436382666781252,-0.009948630387944801,-0.016659670244594686,0.009056107031174333,-0.01974335026796563,0.00015873015873015873
2025-11-11,0.0018506662233804198,0.0038971401969618174,0.0072015961451793896,-0.000600561072387482,0.020005012625445226,0.00015873015873015873
2025-11-12,4.1608028146636415e-05,-0.002100535657936779,0.006628157132589342,-0.006295389849480019,0.003018225617854131,0.00015873015873015873
2025-11-13,-0.017551949519968905,0.0024365134096485507,0.01483077483418817,0.01034848509001799,0.016202140012953274,0.00015873015873015873
2025-11-14,-0.0001374542916484227,-0.0022636183815688193,-0.0072466687652272994,0.005352315813790328,-0.007113218545590791,0.00015873015873015873
2025-11-17,-0.00945802648073493,-0.015098336777680426,-0.009047191414835065,0.004999913300690025,-0.008337903248460348,0.00015873015873015873
2025-11-18,-0.008553828399238921,0.010914436982163168,0.01716775476626397,-0.0055312297879344515,0.016987949415634137,0.00015873015873015873
2025-11-19,0.003845376236420381,-0.007499216922340983,-0.0082153421409085,0.005642194118786982,-0.009697439432405967,0.00015873015873015873
2025-11-20,-0.015900561134438246,0.006154862811451205,0.010303131628257392,0.002753870217675267,0.008810759512970385,0.00015873015873015873
2025-11-21,0.009433876499645263,0.02318515635725185,0.01393673309039439,-0.00357403250541771,0.013526861531277141,0.00015873015873015873
2025-11-24,0.01592981605940243,-0.00920723838124692,-0.013586032957279889,0.0024963386372773046,-0.016583725220527312,0.00015873015873015873
2025-11-25,0.009052901872088993,0.018603372622809228,0.006577082322303727,-0.004448884503723815,0.002094461631430941,0.00015873015873015873
2025-11-26,0.007435846347534866,-0.0034470814620389065,-0.002184449893030893,-0.001457617826161408,-0.0035311779825569637,0.00015873015873015873
2025-11-28,0.005244132263397314,-0.00405036897103338,0.0011180761847169804,-0.006000923230473701,0.000453453466547165,0.00015873015873015873
2025-12-01,-0.005284818133018217,0.0008504346037300718,0.00048031227813068785,0.0019778624289347605,0.00966525491473993,0.00015873015873015873
2025-12-02,0.002250998258666744,-0.0026046936405701325,-0.004150429828161209,0.00234305720801455,0.0004273399682502882,0.00015873015873015873
2025-12-03,0.003552085448643524,0.011428984428295498,0.009887355529073678,-0.017392962316053154,-0.00018385570771884958,0.00015873015873015873
2025-12-04,0.0009904269318358279,-0.00438514837303434,-4.006866572277561e-05,-0.0005423586513981125,-0.008849710278896507,0.00015873015873015873
2025-12-05,0.001894847391878986,-0.0037672045536729054,-0.0020614068783241127,0.0008396938807615491,-0.008030284741770267,0.00015873015873015873
2025-12-08,-0.003829379913557633,-0.0010903132240469822,-0.002148931265621225,0.005576325006380497,-0.0018002344724087327,0.00015873015873015873
2025-12-09,-0.0006839321236866523,0.0055329578117398,-0.0005151296155519851,0.0010914215111111764,-0.0026283736414991397,0.00015873015873015873
2025-12-10,0.006786709478110726,0.012654349085686089,0.012516226367025363,-0.011175725248674717,0.004982301561254699,0.00015873015873015873
2025-12-11,0.001937999730515536,0.006644762939339983,0.008892789747203776,-0.005113377297215875,0.008327689034087482,0.00015873015873015873
2025-12-12,-0.010338476636590859,0.00216643866198127,0.013723644690875782,-0.011743583763313926,0.016413199858632314,0.00015873015873015873
2025-12-15,-0.001818338865571203,-0.0017773025027030623,0.007928232639736868,-0.010313277705397627,-0.002895396419698567,0.00015873015873015873
2025-12-16,-0.0024287073879087767,-0.0035334140375474572,-0.008987175168470987,0.0010605898092781512,-0.004108435987867761,0.00015873015873015873
2025-12-17,-0.011708707157606446,0.012101411060240668,0.02067668308700184,-0.003345381007112935,0.01317744100769722,0.00015873015873015873
2025-12-18,0.007793502521431232,-0.007537270365422789,-0.01353030679146609,0.004351757160720082,-0.012657592533283892,0.00015873015873015873
2025-12-19,0.008833600594004896,-0.009603280363024526,-0.011222217250870144,0.0045617030919794304,-0.009323592398191308,0.00015873015873015873
2025-12-22,0.006227619216241997,0.001651809553706445,0.00437816311232974,-0.005870133423640389,-0.007652040892389453,0.00015873015873015873
2025-12-23,0.0040377727207962155,-0.010401004503652566,-0.00774300387919597,0.006596583884568765,-0.005868373485591527,0.00015873015873015873
